variant,fold,group_id,disease_present,original_target,prediction,probability_disease_present,original_row_count
explicit_missing,1,0407b2e5edd3f95da70a19f2c12e12a47c44e87ff40fc30a43008ea9828acd37,0,1,0,0.28540984883957754,3
explicit_missing,1,0609526803727eb7a02eae6e31fdad5351ee604bf6e87ca01cef0f174ec966c4,1,0,1,0.9690730848091638,4
explicit_missing,1,0ace5c2af2df9bc4e6441e53e392444525e325a2d3a68c86d2b5642afd86d72f,0,1,0,0.010649666408926327,3
explicit_missing,1,0ddceaf19a5cf5d118fbf392204aa1a82ba99fdc457b92f25ee797383d5f8372,1,0,1,0.9782606056281258,4
explicit_missing,1,135c49b7206acbca4bd59a45bb5d0a441086b0141794b35d9d227242c762622b,0,1,0,0.009608257461692186,3
explicit_missing,1,1546abffe6332affe53e386427effe04cc2751bced858e563c9bcaa2c9b24fa0,1,0,1,0.9984194131177867,4
explicit_missing,1,170beb254cb4ead91ac6abdd27b9f5fb35183137c08b806ed7193d57b16feb8e,1,0,1,0.994309512118122,4
explicit_missing,1,18a41bc3a1d854654e09b4269e27c4989bddb4ddea9d69fc6dd5b0ea19ccb130,1,0,1,0.7896060847170123,4
explicit_missing,1,200be9908d2f03977c9d890b01bcb7c5d6451d6722981c3e25a653c9bf889bf0,0,1,0,0.02730905029518935,3
explicit_missing,1,2270cf63c75bff8f5ef058b2fadb9aecf66d022bcba7474ec79d74ed30cc1f3f,0,1,0,0.49572848690109667,3
explicit_missing,1,295d3770d48a22c76fbea70306840dbd3e5705d6e8d33e981f02fd949298e5e7,0,1,0,0.011683637927546757,3
explicit_missing,1,30b933ace8f9fcaa8563c3d45a947ee641c793d5ce5e63fe9b184854f2805ebc,0,1,1,0.668814018598902,3
explicit_missing,1,343f97779e92a75005a37b420b3886a2ab852ac2282cd0b3565b5e75473619ad,1,0,1,0.9401227148993662,4
explicit_missing,1,36ef84ea39323f491e3bb21475464b9d3da7df200d4412c1945bb19f9cfeeda7,0,1,0,0.0052977256154310235,3
explicit_missing,1,3e112fed1f2a09fda69b8b62ed9a1ed98e6ac5bad1cbf35a0c622a861b38c9f5,0,1,0,0.0023590996785389255,3
explicit_missing,1,3f2ae0deb6d754888898ee1bfde5b96c5101eb11a8e9a5cb525b7ca2d517fd4e,1,0,1,0.8538011684084859,3
explicit_missing,1,4ac578757f209823c2f46aae5441e129be3ea66c5c789b25152679499ebb2be6,1,0,1,0.7048256623900734,4
explicit_missing,1,4e46c66a13476a18e41b9011c90927a84959e00120bb6bf8803729a2164e900c,0,1,0,0.3121661544300407,3
explicit_missing,1,5270e06dd07b1eee8360113c3002a00782a57f2fd1ee83b393297d321910c860,0,1,0,0.05181004497823897,3
explicit_missing,1,534f9af47c5f491cc5dccac4f9d01a63b6e3c81664b5debce6e390a31e8362e6,1,0,1,0.9749229023763902,4
explicit_missing,1,5a5522ce37eb6a200af447f255944323e78731c213ba32119d8a85a9c50441d9,1,0,1,0.9840996218009882,3
explicit_missing,1,603cfec9ce1edf3278224d34ea43ef858a566d5a4c964e9678680d07026438d1,0,1,0,0.04609286020467734,3
explicit_missing,1,66d1e294707307b4e01fbfec8f7518babeca6f7c3d358e108423e5c4ef2a97bb,0,1,0,0.40337837831283363,3
explicit_missing,1,696582f64d2c8c4c7be10106139532593c1c19d4dec3198b61f8e4b320f29b6d,1,0,1,0.860313759741244,4
explicit_missing,1,71a456eca9ed8e0f911459cf49f92f5fc04a04441ffa627fcc36dce85f9fa8d2,0,1,0,0.020750580760481054,4
explicit_missing,1,7bc7edc81504823da0e2cc15c08d254d6374580c1278bd0c02c1068619176e4d,0,1,0,0.15816190489017243,3
explicit_missing,1,7f002c74c88d56f20387f9a39939a28cbfdfff55085d9611f50b66fdfd547e8f,0,1,1,0.9518040211255201,3
explicit_missing,1,7f46e41a27a75de946eb9ebf48a991a157e9490f0b996e0e1466f132bcd092f9,1,0,1,0.981918977592476,3
explicit_missing,1,825f8b984b3b2505c87484fc88419cb15c5d6d2fb94134940297db5ba9c9b0a0,1,0,1,0.993257646654236,4
explicit_missing,1,860eb53eed8a67b576b005aefd9eeb466479557343a6dac29a4085b281056fec,0,1,0,0.010040385628076116,3
explicit_missing,1,8d6840f62c2edb1e02086519ff5e9163cc08d066341dc64f37a69d833324e6bf,1,0,1,0.9072287229985743,4
explicit_missing,1,8e815e6224cc4639a52ab1ae08fb124e258ce0126e14966faedf7a394b414341,0,1,0,0.004464798470547603,3
explicit_missing,1,8feee4224ffbeb5f7b43b2b4fad9c3c5ae603265edf250f61081635299493c5f,0,1,0,0.025653847528407714,3
explicit_missing,1,92304ad7f291bd2213aa856c0ea3eeba5566f3bff231dc1e8df23cba6b6cef63,0,1,0,0.16394955565020544,3
explicit_missing,1,a413cb39d1decbc932843765c2542a4f438d41b0490d251063c04001303012b5,0,1,1,0.7647215199357165,3
explicit_missing,1,ad62d3796b9e5d6cb390232882aced91f4b2175affc6fca536ba075e9f928696,1,0,1,0.6099734115786307,3
explicit_missing,1,bb7e29caa6d2cef421e3a09d03d81364f29d33dcdbcf549476c1d7c6d82ab962,1,0,1,0.7137498429770147,3
explicit_missing,1,cc8c89cd0a972fdc064c79b43412c7ecf3dd893295d57cf6507359ba5fd03779,1,0,0,0.3907347365574784,3
explicit_missing,1,cfba642a12fc49a24c4a9576252fe8886575fba4b0aba975c99ed02b1c5bc28d,1,0,1,0.7769498057322902,4
explicit_missing,1,d30c09705f48c161d3a9e5efeb137dd919907efda71e91f7457a1177531458cf,1,0,1,0.7888424856562368,4
explicit_missing,1,dc3c121a5dfc1821538ece060b91b4c94fe9371f0c30eb41c6d7e3fe52ffa100,1,0,1,0.9925268014733213,4
explicit_missing,1,dcf56b83ac2fcdb249809aacc65db1e72810bd0f85d48af38af88189180f5359,0,1,0,0.2657374025373604,3
explicit_missing,1,dd15218f1a013e70a109e1984ae7d2faa187d273dbf204ee073a11783531eb12,1,0,1,0.86583749391273,4
explicit_missing,1,dd5c245125fe3099c5e793a7b54c034797b426e0102a57072052647de3c5dd48,1,0,1,0.9827214789331957,4
explicit_missing,1,e18400d255a8fe19f6cf3fb3c63068458a4c1d567fed71427cc4c355472be3dd,0,1,1,0.817242235793049,3
explicit_missing,1,e26dbf6dab96e0bdac459c7140cb1a4bab5bd832038ab3789e75e2a3ee1ef187,0,1,0,0.0009685438268633333,3
explicit_missing,1,e41f2e64a79954c9fd723382f0487dfbf40e9c368b0e03b7c346d068482865eb,0,1,0,0.06797109305010596,3
explicit_missing,1,f86d6e1632a29799273da4683ce4e6e85b3a5dd7a07f2bf94a84a84caeb02e77,0,1,0,0.015639886055832625,3
explicit_missing,1,fdfa6d0e96adb82e9938b26295ca093df27ec4f54560b528eade178354d6cbfc,0,1,0,0.012566006777042995,4
explicit_missing,2,0360d1fe51073754b3d7e916e181429845ca593d2283b305477af36399e10e0a,0,1,0,0.017704103120908383,4
explicit_missing,2,0548dc97d6bdab333330eded8112df676bd49389532fe8b0d4aa3410887c1912,0,1,0,0.06211621850025229,3
explicit_missing,2,0dee614e6d81244540b4166c994f0559c9efce5766765c3e78fcdf5e9c7b7e3f,1,0,1,0.9967494742998162,3
explicit_missing,2,120c066e96fbf896a39fd17defc80d0d3914bd808fdfa0bb021e353ed8901859,0,1,0,0.4846342000644359,4
explicit_missing,2,129187a6d1989b8cc9b57e85dc4d9895800f53b4ae4701f45a08e325b2376b74,1,0,1,0.9844887682652488,4
explicit_missing,2,1b06c566472cb1ec33bf7e37c86c2cb32d5247e2d414507bc5a2d80facf48cfd,1,0,1,0.9796411934567536,3
explicit_missing,2,1b13de9667a1c75c937b869c9712b13162197cb3cecd6a46d0a43d83cc10c822,1,0,1,0.9903271593772921,3
explicit_missing,2,1b5f089a7c6d6cbe4752e5a0476366179819182b598d80d7ff25d6a34fc0111f,1,0,1,0.9756380816567655,4
explicit_missing,2,1c7f4c143bea5753cfffa7db6bc57e8ef8757cfb6ad73cc78c2a324f18bbf8d5,0,1,0,0.03244399093247783,4
explicit_missing,2,2a0f4f605cfcdc52d443d5510c0f07f62dadd3e503b339ea5a801c5c9abd5321,0,1,0,0.03701505448189288,3
explicit_missing,2,3019eb9e1e2b3b50d39f08ab776beb802ed15d5fc99de6ec9091db4070eb02d5,0,1,0,0.38795193187826343,4
explicit_missing,2,37a5ca2f4a45de7fab333b84741ad58cc9f825d41d59b1164bce5f6f8ff371dc,0,1,0,0.04326820737364281,3
explicit_missing,2,3a9042a29b3fdd27f4ee67ed178246094baf68a7233571b46398b0ecc1016bed,0,1,0,0.016093767822926153,4
explicit_missing,2,57406ef4552f43df3583eb064c14d18ff05a35a479c162a4facf5417fa6aacb1,0,1,0,0.45162310103256,3
explicit_missing,2,5c0b540b637e788c8fc043df421a9c0558a171671432a84b540cbe2534cc5ad0,0,1,0,0.10354662365180442,3
explicit_missing,2,60cfc9ffcb5c94cd7a137909b9ae5d39e77d0510aafc957c78fed02cdcb5a264,0,1,0,0.005446884978403978,3
explicit_missing,2,61378bf2c4a1c06a1e183a872365216e3b2b8f60f7caf2e2ec42580ad3ed365f,1,0,1,0.9640766886846194,4
explicit_missing,2,699503624a9726f122bd002cf2c31e5d52f3e9d52378c9e39980205edf8e3cb8,0,1,0,0.224005196273046,3
explicit_missing,2,6fb7211a460e94d8a2ff0054bee1425482bcef1ce7adf232fa5758f42ba5b121,1,0,1,0.9226034333075829,4
explicit_missing,2,74b17ea90d77b212c11109d27b9d3b9be35581a0cc2764adf81eb89a1ff7aabe,1,0,1,0.9686671707580035,4
explicit_missing,2,74d43fe49e4de4a3e8536759ef6eecd48658b73769dc6d3bfaba40e1fa2d20ef,1,0,1,0.5244134538714349,3
explicit_missing,2,757cb6c1021bfb2d04e492afa47e4ca576c7bdb0f2e1634ede080ae8788c08dd,1,0,1,0.5399916271226136,4
explicit_missing,2,76188df7212d02fe6400921583c3af92cec04bccde92adf10fbff387728c06bb,0,1,1,0.5602240854807505,3
explicit_missing,2,789ca93868a1160ef0149b26f44f6db86d70b66095514fabd8e42fc41e0fd745,0,1,0,0.2433954051890624,4
explicit_missing,2,7b4cb154cd8c96042bc5aa6fbfaa724dc9d8e687f6b7683bd7ad946a959c57c3,0,1,0,0.010340905570532565,3
explicit_missing,2,7d8da25e9ce0d659ef0e6ddc790d98e5843871183b13d257985c8192be9c299b,0,1,0,0.016274823449798023,3
explicit_missing,2,7f6eb87a7a0f0e7c7a774f4a858d04d3733168da28f6b25ac8cc3f36a4d9791f,0,1,0,0.2311787719484725,3
explicit_missing,2,7fa477610afc161c8c6896002d27de9519656c1dc1e45ca94e675e67d6b62df4,1,0,0,0.1586348107183787,3
explicit_missing,2,97c28d190215d11fe23f3d9daeb08b08876a6ba9a0b50b9f20e083c3dfdf063d,0,1,0,0.2110845307120272,3
explicit_missing,2,9af78ef35e19aad8c614167387840ddc427d6ba06741bbc5ed79b11923844b40,1,0,1,0.9984564621635535,3
explicit_missing,2,9e38f577755af30ef9073f9811650f8b5e27d31fa538abb028c7257b5938854a,1,0,1,0.928721230045032,4
explicit_missing,2,ae8873c61d6232fd878a5a241d1017471f0aebad3c70e67f6a80dea02d16c8e8,1,0,1,0.9886676684745036,3
explicit_missing,2,b0ec63e8037dab55904515a603da26c078d8e189ca3edff62640790278ee3e01,0,1,0,0.31789520701859975,3
explicit_missing,2,b56e85f3c7bed8b1bda063f6031ee521ee982cf9f767cb14c5091aaf64bffeab,0,1,0,0.02584521100914157,3
explicit_missing,2,b638ab645482db4e738d7d3eb39bd66b3f32590e2de9c2fe379d9e510078ac26,1,0,1,0.9897217829255064,4
explicit_missing,2,b8e349b1ba6e3b96024138700a9f65e0b547880c5d961e044b3b1316973d8a13,1,0,1,0.8525426957491472,3
explicit_missing,2,ba76646a6cd8bac9a3915000fd01b2c6f72767317e7a127d3c76c2a3528e15cf,1,0,1,0.6552471464100722,4
explicit_missing,2,bc01e9feb2ba2f4c340bc6785a4e3b676a96f1532ea05cc4a644d35d872b0762,0,1,0,0.036531231982850326,3
explicit_missing,2,c55a7e160850b5600d39fdf91e2748ce9a6052c5453da5253e012c334394a10f,0,1,0,0.14689510721928817,3
explicit_missing,2,cacd13fa97e54082499001d9a2fe3123d5447ae19ec99d1b4ab914b5b40f3620,1,0,1,0.9823017807418033,4
explicit_missing,2,cd30b545269c64e3a3a5898d73ac2d127104626770f16dddc903ebcb82750600,0,1,0,0.3408271879332548,3
explicit_missing,2,cf47d8d0b7538dc2494a4bd2ff50962532ffa8063831c87277198fc7856d1113,0,1,1,0.7164452663460313,3
explicit_missing,2,d2f6d8bfdc925926b52b4aae864f595549c5c2af935859f00fa441a2540b23a2,1,0,1,0.9102427284615497,4
explicit_missing,2,d30faafdfabaf1b0603ee349f3994cc850fb9581abb48b270769113a399439cc,0,1,0,0.16402865904767686,3
explicit_missing,2,dd2800b0ea96c66364f3306ccd1a5ab6ea03c8388eca414925b643e74a6cb5ac,0,1,1,0.5655848570688138,3
explicit_missing,2,e730d621d57973dddae599c97a7d6066b1465945227bfcd5e8eb81b50c9b32f8,1,0,1,0.9888602874379847,4
explicit_missing,2,f571f0cd4c431f4b48997a331dd42b1029a286f870eb5192eb628a62b4db0f30,1,0,1,0.9917015665668657,4
explicit_missing,2,f8d7191c33cd66e4036928b32a526d0e7092e626e266655498b2fb7fa268b982,1,0,1,0.935448467277264,4
explicit_missing,3,01b2d02e21c70f7adceafe2a74bb7d81a2fd07bf8680e73a3454ba24b0f75e7e,0,1,0,0.0983386630699664,4
explicit_missing,3,066522f7a92b25978c09d7c8f84df1d54215614115225febfce2e971becee109,0,1,0,0.10821112155370445,4
explicit_missing,3,06af32be1fea11cafb8a39d95c9a43fc43ed522f2c1e3b737c37648a2f736f40,0,1,0,0.03078560148197913,3
explicit_missing,3,12da9bc52d27e6191d4e5541a326452567b4d5dee368ffd05c10e6dadefc757e,0,1,0,0.0997461360380351,3
explicit_missing,3,178a78be273c187af69c4c36804102052b935fcffe2c0a83f38d884e6432c23e,1,0,0,0.38753327233032336,3
explicit_missing,3,1d51ec110e8e21b17cc0b4768ea24be1f7374646eb4f366556bceb09cb733e19,1,0,1,0.7558622816380083,3
explicit_missing,3,1e299b803253cc89e2fb28de7e05884e01e4232409eb32444eb4ffbd20786704,1,0,1,0.9934396033357965,3
explicit_missing,3,2bc8c2b9337b71f266f35585dc762c806965b51c582af7c8c5a0e47aeeccef54,0,1,0,0.039820809892485175,4
explicit_missing,3,2e962eaae036270df658e4a4408980b6924f8f3ae4e353de90879894c10eeffa,0,1,0,0.020329500326644545,3
explicit_missing,3,389c4502d032aa2f0cc33a502e4200ba50509572bf9baab03efec659d0a94ac3,1,0,1,0.9851533691210618,3
explicit_missing,3,3eadcf23d7d34c055b8ed2f17af7bf8e189759c0f48056da258ae29854ea0703,0,1,0,0.04263008232829468,3
explicit_missing,3,40d1a60b3b046c23fac890cfd6cd24ed7988972f4fd5338af1885872acba6a1d,1,0,0,0.07949497792008556,3
explicit_missing,3,4cf48cafc68ff8e922d89b0238322bfcf427064a08f1ce306dfb7b1039209bc1,1,0,1,0.8095573431143248,4
explicit_missing,3,524e62aa99d66a1475c941c30fcc40cbc63c9ac4f02a66c2797f0af0e68cec0c,0,1,0,0.0418158294990328,3
explicit_missing,3,58575998326d6f39bc9f021302255ed4cb8e71ba926847810c3c6107062b2305,0,1,0,0.05932141291008253,4
explicit_missing,3,5a826db633bc4287d736ccab62222f706dd6bae2431d9e023c4519c2dbf74dbf,1,0,1,0.5445483332170007,4
explicit_missing,3,5c2b48acf547b55cf9c87fa708c9357aa01caa36724f2c43da32b8023347319e,1,0,1,0.9649526681002357,3
explicit_missing,3,5c2e15695af92e59f03182c6a247d293720c0302b43330da5f3e2863d21df14c,0,1,0,0.13198953867724225,3
explicit_missing,3,620cc12069aca5ccf15c41fba13c7c8c9222ee69785e8bf549d69a2c43c490b4,1,0,0,0.157706820744418,3
explicit_missing,3,63e4dfbbed757f4cc8618922654099706bf26d68fe2c1b8829540bde762c8c3a,0,1,0,0.24462427328636574,3
explicit_missing,3,6b6195468415ac0d72b7ab37b44c6583abf461c24d10c1bc6548e3d5a83bba6f,0,1,0,0.15272323688256065,3
explicit_missing,3,74263a0590c0f5edcafddc6cf3bb13930ed7c8a19ce7c02afbdf8049227b5a24,0,1,0,0.018071487344476812,4
explicit_missing,3,7571ee92bbc9fe16a5ad1579363ef8649ab489f854db348d7d9c4c1e7efc75e9,0,1,0,0.310426543869823,3
explicit_missing,3,7aca4477c2989c14361a39ad10723de9580751a6b47f57474f7978ed10fd5f78,1,0,1,0.9534393085353895,4
explicit_missing,3,7d1a0d7b51fc1ca79344034ee06dac9db61da107e30bb307a34cbf260c4c303e,1,0,1,0.6025689601340801,4
explicit_missing,3,81bd778b049e7b92197bbaf720877992dbb11553313d9ab43f1528ac1616745d,0,1,0,0.017753278938397052,4
explicit_missing,3,849ae80134bf91e463f2f63b372716e308875ff01244b9d8bee2aba9c5eb9f41,1,0,1,0.5724743125343602,3
explicit_missing,3,8e95953bea6b4979261f7ca3a74a8cb34973c7acff9c3799e2c97e2dea05429a,1,0,1,0.8904937633018416,3
explicit_missing,3,8f55318caaf3927568c5480202057f4c3b39b0a86cf41a6db167fdc77ab9fe39,1,0,0,0.3269001258381053,4
explicit_missing,3,8fce5508f36278d370665df53df181a14de66990b95b69e77e69ef7487b21b0b,1,0,1,0.991417152023251,4
explicit_missing,3,9c97fd04daf2e276f6870c8a09bc4f169510ecfb6b4efe771802e002cccd35e2,0,1,0,0.04344384032417519,4
explicit_missing,3,9d1210a366042f16f58716a0b2aa2b5521cdf17b75a645c3a5f9a2a3f009892e,1,0,1,0.8396063760597584,4
explicit_missing,3,b0a89e4436a57c29cab621c76e7efd3b37c13e43cea5fadd38336b1c5ebddbe4,0,1,0,0.007709154963239307,3
explicit_missing,3,b9be251a4fda0f81d816d42257c61aaced7bedf8dc314ba8934eb4c24378f9eb,0,1,0,0.0274606343194758,3
explicit_missing,3,bf48fb6cbf53057d3b546db601b53563f5b011ddcc2268b459f693500a06ab7a,0,1,0,0.07170574713735352,4
explicit_missing,3,bfcf790ee767993c70f3c276356be34beba834ec45b2f34e7497be74560a5f79,1,0,1,0.9779567312210293,3
explicit_missing,3,c6e2d067bd47a9ef04baca30f3b47d6f4fab6b04fdb6fba2f4e35f574be7676b,1,0,1,0.5844432633770934,4
explicit_missing,3,c81d1ba7569fbf0299d326ae4b6ce4b00fb82dcde7b7ad70ec772faf9904f555,1,0,1,0.6104844828571334,4
explicit_missing,3,cc0fc219a020bff908f6e6eb7bbec747dd8a68c3d92461f4ccf417b985254a0d,0,1,0,0.032351875173384934,3
explicit_missing,3,cc5f448a32badd8210c0774fd170aa0efc4f7b9f1c5c4115cf660017252ec109,0,1,1,0.7020089384562147,4
explicit_missing,3,ce64b99dd7879fab4a416b2b107278957d097722e511c122dcfacffba1d6aa7c,0,1,0,0.023786570110067597,4
explicit_missing,3,ce6c68d3a1dbbc1ae9570521fb65beccfea82c109ae978f1d8156ea50eeec3c9,0,1,0,0.006594680781111302,3
explicit_missing,3,e116e341f7f5f6dab22df090e03a21a207341fd36dffd8ce4b5450b87d6ad22c,1,0,1,0.8418676459849681,3
explicit_missing,3,e6a79fde0b768ebd318484a3a32160e6da306eb998fdbc5cb94c76b53b8d0497,1,0,1,0.9900511953053992,4
explicit_missing,3,f0ad337c1acc1781789c6091d8003ba7a56eff910eb6a35154877cc1b87e6e4e,0,1,0,0.018194397199427455,3
explicit_missing,3,f99c9fde728ed0f8a12d0956907d6fef9f90c3e8772e33f88d418df81e50de3a,0,1,0,0.24093120437056895,3
explicit_missing,3,fb2158de6ed4e9a39d3bd3ad86365c118ca6951ca9356fce9ef06d503737df06,1,0,1,0.7565324828302066,3
explicit_missing,3,fd4f03a8e8f290d765c4275316ba719436b925169c2001d5c071a33cfd866652,0,1,0,0.01977107725776249,3
explicit_missing,4,096712ed40df97b119e2b1b3fe93efaac6885a8d6d0c0dcbca66350b83dfcb42,0,1,0,0.04557836659901828,3
explicit_missing,4,096b6ed78faef05c313ad9d51bcfad2e71cd63037cd77d8c7a591f2b5c7e6610,1,0,0,0.4435408420416766,4
explicit_missing,4,0e456da1d5cf3ab7c2f5989ea69e0b08ec37617973a3f31b353534f530abe725,0,1,0,0.008828017187414099,3
explicit_missing,4,13de85647cb767115b90dc11946b4b68b3bf0df758589903b501a619b2b3b417,1,0,1,0.9552675869766739,4
explicit_missing,4,18d067330a032de550678dd02a4fc7def157655810459143f2a382dd21323a18,0,1,0,0.023034556025308305,3
explicit_missing,4,1b1129ef327d069f1a34c42adb437deff3a6d17d68517228c77f803183c892ff,0,1,0,0.19925971348088242,3
explicit_missing,4,1eea40f77e57121da4b599eeb72ab1c5dd4b625c0ec1482606ace2528d3c07c8,0,1,0,0.06669124100340201,3
explicit_missing,4,1f5d179ce8e88b673dbee865916763858299c3e0dc63bb5c513c0b35cf6a46e1,0,1,0,0.1693188383070408,3
explicit_missing,4,1f83652fe17ea9ae57a330edf0e9cf8dd7680eda44b67707befa1bb75a531e0e,0,1,0,0.08114233433954829,3
explicit_missing,4,244d0e39518c8f541b6b8258b6e7cb298cd85acc70e95a648bf50b83332af195,1,0,1,0.9979933930527385,4
explicit_missing,4,37017d97f2466972966c94e197ae3183b56c0eb6189f48ecbd798c6eae203126,1,0,0,0.36232543635756365,4
explicit_missing,4,3f021ab13bdcb8ae0e4820708ce8a75ac7d4ecd086ca3b3547275e9243e707ad,1,0,1,0.9804088692800283,3
explicit_missing,4,3fca6ad2af45e994867f0dc386a2e508f5ff6c0c16f41b5125089e51cf3be39e,1,0,1,0.5900108024062809,3
explicit_missing,4,45864539a04450af431cb2a1048352fbcf3a2acc5fe2ce0bf92ec05650925d99,1,0,1,0.9334276104531253,3
explicit_missing,4,4675cfa0fe6893f320e02a6e53a1f9881f02d616ab5f415c1435da962130c064,0,1,0,0.21557792971980155,3
explicit_missing,4,495cc9be552f134bbd4f0e2c0176d48dba754b3dc99c138e97ae8f1fcf0edcb1,1,0,1,0.8993018786592303,3
explicit_missing,4,5a8d0043ad2df8d0f0c35b9d158a0b31ea8a63eb6f595c3f4a094660e70d4d0e,0,1,0,0.005043636295638623,3
explicit_missing,4,5d503dfda1b6df014e460b7ebc2313c1bc47cac4dbf8a6a18c64572da948473c,1,0,0,0.4441798886299439,4
explicit_missing,4,601e3a14e6bc701b040f7d9ae9cb1a6352a91cb827c681d07cc462fda59b4afb,1,0,1,0.9786814397033602,4
explicit_missing,4,67e5760b4b1bccb2009c20987d67ecc249d595658f687eec06f65db3961584f4,1,0,1,0.6249921309790496,4
explicit_missing,4,6a38a3aa130a38b6a6c9e4b293719c34f4ab16da218a8f81551d06e721cd67c9,0,1,0,0.01023799489414546,4
explicit_missing,4,6a8f170690918ae06c3ba2785b52b7ef0f41ec47d10d22255e8fce9fcab1a500,1,0,1,0.9966133869253808,3
explicit_missing,4,6b91d8af6046bb1b3bd4201ff0769b39a44b8575601f6844e89f4fbd8fa89d28,1,0,0,0.13602347116884603,4
explicit_missing,4,70fe8d752064d32a25fd5dfd2f306c301d8439811ba23cdb3194d3e25fb5a50e,1,0,1,0.9967836107854414,3
explicit_missing,4,7e73ac069893cc840847f82526f598463993b1530846863e38db58b64bb001d3,0,1,1,0.8106818286487926,3
explicit_missing,4,82a99de9fbb442105521d932e584019f8b8d46ace4ca08841c9711ef096cd4c5,0,1,0,0.3881422961487992,3
explicit_missing,4,8b21c94eb86b1d9ba890e1cc38f18e999802fac53b4631c1731ee9107badae28,1,0,0,0.4257540185946909,4
explicit_missing,4,8bb6305f62d0bcddd0bb27c82749e15f638e7fa04f1fd7cff8afe59356dc2cf8,1,0,1,0.9952243719499932,3
explicit_missing,4,8f4533f48e184729d8435c4595ac02b2a74540885869b0ab9fa1686400f47b38,0,1,0,0.04629979644266219,3
explicit_missing,4,9df599a55e176e2bbd02f26573cddff6595c9e7dd473c30d09b2caba5734fd7e,1,0,1,0.7885786617952814,3
explicit_missing,4,a2d6b1026a6c54283042a0c2e17042ed5fee4e3c557032ee77311dfdcd5d57c4,0,1,0,0.11489466149479924,3
explicit_missing,4,a53941766e6dcccf9c9394bc28d736edcd6812cbea84f16179abd03b796f5ec7,0,1,0,0.15105588484948923,3
explicit_missing,4,ba85fb6d106acb39ff22d1dbb67a3fb66ce2c770958f25f7b065812d2b77fa04,0,1,0,0.08096327414309575,3
explicit_missing,4,bba988a9d26ced6565527b09086c7aade67ef16213a33a6278b2ef3625373529,0,1,0,0.1723656032440738,3
explicit_missing,4,c250cae60f244a16c2021f894c8325ca55e383e549055689d646fa3830107b01,0,1,0,0.23850695831142132,3
explicit_missing,4,c9e7a1e3f5a720441980d54da64da6cc0704873f1611a6b7cf0be975f47747ec,0,1,0,0.037019198109703055,4
explicit_missing,4,c9e81c70995e4af02e24d4f22730abed6a955fc8aa4489391dcce8a780049d0c,1,0,1,0.9939993753135475,3
explicit_missing,4,cd9c8c6bc18516e3a9ac3fb1d6afa604d44229e73613770a4784f65ebb57b974,1,0,1,0.9739415749564239,4
explicit_missing,4,df1d3b0f2248abab4fb12f8f9aa0bb8eb0474bc47842db922dee0baa5ec6bda1,1,0,1,0.8815574758095602,4
explicit_missing,4,e5c9900a36e1da52f16efd8fac68ba4cfecaa06c48f4a537af4ce62dc3acba63,0,1,0,0.008660413981659405,3
explicit_missing,4,e7e2449f4432e1c84b59cf7c038eccdaf3bc03994089a00dfd9cc30a019ab68f,0,1,0,0.013004888976191559,3
explicit_missing,4,ec4d12033a1fd07b320e7d4cd8d5b4ee80c604728b96360e714545dfc9024b5b,0,1,0,0.07091102252404369,3
explicit_missing,4,eccf1293fca65adfe383732981fadacced2c99c1eebaf28a15371204a6c92270,1,0,1,0.7874368201625156,4
explicit_missing,4,f16247d803620af74eeb494a3c09ac3e6acfdd0bf5a4af592731805fbed20719,0,1,0,0.0163727950726925,3
explicit_missing,4,f4120adf75eab3565048aed3d1a7c55680beb59934877654a7db7c346038efb2,0,1,0,0.0372123516306585,3
explicit_missing,4,f8d73caef322ee691205b1cd0841423e1f53618a514645cb0634a72d8435aced,1,0,0,0.034894178179336606,4
explicit_missing,4,fe294f19347477153461441681326d163ce2d6aeea6650f20536e917b90285e4,0,1,0,0.17847156500730815,3
explicit_missing,4,fedd5c70bb3c8a11fb43b60060935c094a31d5805eb1ed2fd15017ab9da91375,0,1,0,0.03447142175534392,3
explicit_missing,5,061ba64092eac5bd44c6cacbaea2462c1e8b466f74244a7b2c13c2ba19e131c7,0,1,0,0.008900817543943604,3
explicit_missing,5,07c4c4ce98cafa879b533e4f51ab5fd8f20c01d146b13a83e0340860f7edafb2,0,1,1,0.5641513789772384,3
explicit_missing,5,10cb202b1229270efda6de3f5cac0cf57a41e4f051b04330f96cbf00c11a67b9,1,0,0,0.09302227183112644,4
explicit_missing,5,14443b3d24612a35abba78aaa251bff9b49707282094c445ec45fd38b3ffa6f9,1,0,1,0.9923171156353319,4
explicit_missing,5,28fd2bbdfb26c8b6021071f28feed6016e0cbd9e1b4ffc55f53e9092e9c13fd1,0,1,0,0.009734245368608138,3
explicit_missing,5,297729bb51295fd7c92c3e11ea44a176fd131ffa59292eb69bf12a5cfb61d7ec,0,1,0,0.046907213429469345,3
explicit_missing,5,2d917aba2e1c80aafcc9567b5ad199c26af38d88bde9e0c72f0a9c4501401d25,1,0,1,0.5998776830151648,3
explicit_missing,5,31fb88da40cc50c6bb2bf5c056385a8acd4a2fdf92ca684f2b333232a08e0bf9,1,0,1,0.9953064893151031,4
explicit_missing,5,33e6adf80af0df0a39618b9acfc57926cc2019f47aba6970b12cc71b90133528,1,0,1,0.9885014032057128,4
explicit_missing,5,38bce2ff0e22f3df539b55d9d216d260f103d59ddf92db797b5b3d91f45c5871,1,0,0,0.09796131227873282,4
explicit_missing,5,3f81224d51c07e4952ab66f425301ca48f70330dc9818ab11018078840c774e4,0,1,1,0.6984544003339005,3
explicit_missing,5,4429b79f639f96884a81b073d2cca8b658c3155ac7cbd42eb827dc1dc99c016e,1,0,1,0.9801605657110442,4
explicit_missing,5,5dfb68eaf3fe08e7b765653dc52a7703f216a93268881875b2f09995326b1393,0,1,0,0.08560529040488589,4
explicit_missing,5,647869556e35bc8fdc67c14d538ff75f1c52ae89f0ee4c7e078ff50a0db62fa1,1,0,1,0.7822157711344058,4
explicit_missing,5,6722a9945781794c423b108d03952930f9d754497aa1321848b989b9e89c4f33,1,0,1,0.7563850734121302,4
explicit_missing,5,677ace1b7f031aa18f4cef63c87a9fbecdc05d0153ba697168eb3c812d79bb19,0,1,0,0.25765866255628744,3
explicit_missing,5,6a5facba7060397b41b604e420c7447f305524010379fc44045788411bf8d418,0,1,0,0.3889534715976826,3
explicit_missing,5,6ca52788d8dbc2bdc178275f032f7b8c01fa68075e0850b9c5448161951786a9,1,0,1,0.7837576677152104,4
explicit_missing,5,7183b17b4592fa23b00888e29295f19259bce28fcbde332655aa64db1ec677f4,1,0,1,0.9983869420260117,3
explicit_missing,5,74711b8929e416b1ddec52d3428bc8e56ccf9d866095c2ee2b38b4de3e2d801d,1,0,0,0.41453199525331935,3
explicit_missing,5,77d5789c9dbdb4478c8d61a59fd5db8997e837ff2ce0198a9b25ecaf89baf4a0,1,0,0,0.33589280721778386,3
explicit_missing,5,7c1fb69465a7636425be744b6cf9f0a9e0b642b470151730b2223f390f084cb4,0,1,0,0.13631908271713136,3
explicit_missing,5,83ee532a1d29b3a96067a4d54513c801553ec3df64470b689aac366c71d6a042,0,1,1,0.854546048752541,3
explicit_missing,5,88787e52c8e73fece635b59741e5064a29ff0d0e1509c3e5d51543b5ec5ba88a,1,0,1,0.993789834914196,4
explicit_missing,5,8ee78b19a7462aeeefa87f284e9d20a8e7725e541e71f365c6cc9b749185256c,1,0,1,0.9551309180289261,4
explicit_missing,5,8fb0b52de49f211acfa3020927c26a1e684640557296a758fc0072e7dac852a6,1,0,1,0.8849051951866272,3
explicit_missing,5,aca412568c2d3e84423ec48b4c259f0bf59e7f24c2b6a548305164a462fb8367,0,1,0,0.37534807868338727,4
explicit_missing,5,ae2d5071351d67263b313982031f450f66d77675bce081949c82bfa759d014be,0,1,0,0.024346425329363222,3
explicit_missing,5,b3468cc6871414e829c8ec8693fde72cae6ad1c8830fc103376427901047c434,0,1,0,0.0641295594411673,3
explicit_missing,5,b78557ce10197718a152e202e49d54e4f3510e8b930749217564c5db89832954,0,1,0,0.14537396595391816,3
explicit_missing,5,b98d3240019a115ee2fccbec1fdf30c890f2e6d5bd029388daa513437e1b5434,1,0,1,0.9709934268816531,3
explicit_missing,5,b9f19fa8190e5b6f47648f3a9da3f9afc583fd73bdf9c7a0e204c9f9684d4169,0,1,0,0.010304285825334698,4
explicit_missing,5,bacf5f3cb82469f6cb94d07511d9b74ff6031b0f53be437791bb968c96d2923f,0,1,0,0.17231672945744958,3
explicit_missing,5,ca34f7df41e00a22d82176837673a1b167f35018f31863a68d987fe94f6044f2,0,1,1,0.7767650818857847,3
explicit_missing,5,cd365ce7907ad5d04fd47b4d8758d592e29b75c0baeecca5f1cc14bd0d7fc010,0,1,0,0.004089755239886878,3
explicit_missing,5,cf0437b7443620131ffb1a124fa7407a4169173892a206fd3205c0d8cec68924,0,1,0,0.09105104278126308,3
explicit_missing,5,d599b2196258eba82068373f3df1938a4b520ed6c54955aaa1fa503794b24adc,0,1,0,0.011968865179983516,3
explicit_missing,5,d6ae8c98af272bca3058d34fc0e930cbf2dcc32b406602f6d5e2b0b54e0e6565,1,0,1,0.9867671128884344,3
explicit_missing,5,dbb17851c899b8708331cfae6bd526f5dd385f9cc94d0bf647c577302afad8ea,0,1,1,0.961120588147265,3
explicit_missing,5,e267aca2d9fad7b05b3e27e392eea6c3ac2fe229dfe6fba8125edb8ab70fa856,1,0,1,0.9972116380586101,4
explicit_missing,5,e982aa16188dee201345fa9375c31bce273c55ce71f68abbe66ada568c7a9b63,1,0,1,0.8991804139578231,3
explicit_missing,5,ea57250f104de3238441dcd3a225f555a2513240855feb6fafd2b23c1fc39aba,0,1,0,0.017254413779571612,3
explicit_missing,5,ee76e98271c98fdbfe03307181269b985dad709fc0b0f2364647f21b0ed372e5,1,0,1,0.9989031803464349,3
explicit_missing,5,f0914630bcb4501011c61f0fdca100f2ed1871b0dc37e8c1efe4ad782fc5ea18,0,1,1,0.6365773678177025,3
explicit_missing,5,f4b13e3f04b63170894bf22d8fc9562675ee2f2cb9a0d1cb95ffa9ee0ca6cab1,0,1,0,0.005658398696583379,3
explicit_missing,5,f5955d065e1ad64e6dd7a066e46970faf4570609e889a82677c91847b43ccf51,0,1,0,0.009292642085811775,3
explicit_missing,5,f6d853fdc4a1ac5955be7d219c34a8f08a6dacd7e7fccc931028d92e8429651b,1,0,1,0.9968410805930847,3
explicit_missing,5,fd7aa2b65fe93a64b53b9c837c3e6c7176d77035cc0eb236a0cf8fff931b588c,0,1,0,0.40436935453197537,3
mode_plus_indicator,1,0407b2e5edd3f95da70a19f2c12e12a47c44e87ff40fc30a43008ea9828acd37,0,1,0,0.2849806955266853,3
mode_plus_indicator,1,0609526803727eb7a02eae6e31fdad5351ee604bf6e87ca01cef0f174ec966c4,1,0,1,0.9706239258055024,4
mode_plus_indicator,1,0ace5c2af2df9bc4e6441e53e392444525e325a2d3a68c86d2b5642afd86d72f,0,1,0,0.011197853105676748,3
mode_plus_indicator,1,0ddceaf19a5cf5d118fbf392204aa1a82ba99fdc457b92f25ee797383d5f8372,1,0,1,0.9768416779635783,4
mode_plus_indicator,1,135c49b7206acbca4bd59a45bb5d0a441086b0141794b35d9d227242c762622b,0,1,0,0.009458647312356022,3
mode_plus_indicator,1,1546abffe6332affe53e386427effe04cc2751bced858e563c9bcaa2c9b24fa0,1,0,1,0.9984642810445075,4
mode_plus_indicator,1,170beb254cb4ead91ac6abdd27b9f5fb35183137c08b806ed7193d57b16feb8e,1,0,1,0.9942169035372809,4
mode_plus_indicator,1,18a41bc3a1d854654e09b4269e27c4989bddb4ddea9d69fc6dd5b0ea19ccb130,1,0,1,0.7916140786656863,4
mode_plus_indicator,1,200be9908d2f03977c9d890b01bcb7c5d6451d6722981c3e25a653c9bf889bf0,0,1,0,0.02949653106196625,3
mode_plus_indicator,1,2270cf63c75bff8f5ef058b2fadb9aecf66d022bcba7474ec79d74ed30cc1f3f,0,1,0,0.49213647831435653,3
mode_plus_indicator,1,295d3770d48a22c76fbea70306840dbd3e5705d6e8d33e981f02fd949298e5e7,0,1,0,0.011837781142388561,3
mode_plus_indicator,1,30b933ace8f9fcaa8563c3d45a947ee641c793d5ce5e63fe9b184854f2805ebc,0,1,1,0.673030386065463,3
mode_plus_indicator,1,343f97779e92a75005a37b420b3886a2ab852ac2282cd0b3565b5e75473619ad,1,0,1,0.9438615160118407,4
mode_plus_indicator,1,36ef84ea39323f491e3bb21475464b9d3da7df200d4412c1945bb19f9cfeeda7,0,1,0,0.0053814561954293565,3
mode_plus_indicator,1,3e112fed1f2a09fda69b8b62ed9a1ed98e6ac5bad1cbf35a0c622a861b38c9f5,0,1,0,0.002454355103525777,3
mode_plus_indicator,1,3f2ae0deb6d754888898ee1bfde5b96c5101eb11a8e9a5cb525b7ca2d517fd4e,1,0,1,0.8483684307954803,3
mode_plus_indicator,1,4ac578757f209823c2f46aae5441e129be3ea66c5c789b25152679499ebb2be6,1,0,1,0.7099290363278775,4
mode_plus_indicator,1,4e46c66a13476a18e41b9011c90927a84959e00120bb6bf8803729a2164e900c,0,1,0,0.30632655730357655,3
mode_plus_indicator,1,5270e06dd07b1eee8360113c3002a00782a57f2fd1ee83b393297d321910c860,0,1,0,0.04850185375337623,3
mode_plus_indicator,1,534f9af47c5f491cc5dccac4f9d01a63b6e3c81664b5debce6e390a31e8362e6,1,0,1,0.9764297487340258,4
mode_plus_indicator,1,5a5522ce37eb6a200af447f255944323e78731c213ba32119d8a85a9c50441d9,1,0,1,0.9845978497674547,3
mode_plus_indicator,1,603cfec9ce1edf3278224d34ea43ef858a566d5a4c964e9678680d07026438d1,0,1,0,0.04766856163812493,3
mode_plus_indicator,1,66d1e294707307b4e01fbfec8f7518babeca6f7c3d358e108423e5c4ef2a97bb,0,1,0,0.41939839198494033,3
mode_plus_indicator,1,696582f64d2c8c4c7be10106139532593c1c19d4dec3198b61f8e4b320f29b6d,1,0,1,0.8575268122305633,4
mode_plus_indicator,1,71a456eca9ed8e0f911459cf49f92f5fc04a04441ffa627fcc36dce85f9fa8d2,0,1,0,0.02104961276919567,4
mode_plus_indicator,1,7bc7edc81504823da0e2cc15c08d254d6374580c1278bd0c02c1068619176e4d,0,1,0,0.15733871565289084,3
mode_plus_indicator,1,7f002c74c88d56f20387f9a39939a28cbfdfff55085d9611f50b66fdfd547e8f,0,1,1,0.9522838771229258,3
mode_plus_indicator,1,7f46e41a27a75de946eb9ebf48a991a157e9490f0b996e0e1466f132bcd092f9,1,0,1,0.9834405214592938,3
mode_plus_indicator,1,825f8b984b3b2505c87484fc88419cb15c5d6d2fb94134940297db5ba9c9b0a0,1,0,1,0.9934198327158265,4
mode_plus_indicator,1,860eb53eed8a67b576b005aefd9eeb466479557343a6dac29a4085b281056fec,0,1,0,0.009820372207833317,3
mode_plus_indicator,1,8d6840f62c2edb1e02086519ff5e9163cc08d066341dc64f37a69d833324e6bf,1,0,1,0.9127539073395317,4
mode_plus_indicator,1,8e815e6224cc4639a52ab1ae08fb124e258ce0126e14966faedf7a394b414341,0,1,0,0.004372900376886691,3
mode_plus_indicator,1,8feee4224ffbeb5f7b43b2b4fad9c3c5ae603265edf250f61081635299493c5f,0,1,0,0.02498470980283791,3
mode_plus_indicator,1,92304ad7f291bd2213aa856c0ea3eeba5566f3bff231dc1e8df23cba6b6cef63,0,1,0,0.16857755146141432,3
mode_plus_indicator,1,a413cb39d1decbc932843765c2542a4f438d41b0490d251063c04001303012b5,0,1,1,0.7771531997598785,3
mode_plus_indicator,1,ad62d3796b9e5d6cb390232882aced91f4b2175affc6fca536ba075e9f928696,1,0,1,0.6156034402027194,3
mode_plus_indicator,1,bb7e29caa6d2cef421e3a09d03d81364f29d33dcdbcf549476c1d7c6d82ab962,1,0,1,0.7276918721484881,3
mode_plus_indicator,1,cc8c89cd0a972fdc064c79b43412c7ecf3dd893295d57cf6507359ba5fd03779,1,0,0,0.40440278385025547,3
mode_plus_indicator,1,cfba642a12fc49a24c4a9576252fe8886575fba4b0aba975c99ed02b1c5bc28d,1,0,1,0.7789491887579384,4
mode_plus_indicator,1,d30c09705f48c161d3a9e5efeb137dd919907efda71e91f7457a1177531458cf,1,0,1,0.780436937837361,4
mode_plus_indicator,1,dc3c121a5dfc1821538ece060b91b4c94fe9371f0c30eb41c6d7e3fe52ffa100,1,0,1,0.9925082732474546,4
mode_plus_indicator,1,dcf56b83ac2fcdb249809aacc65db1e72810bd0f85d48af38af88189180f5359,0,1,0,0.2952356324304951,3
mode_plus_indicator,1,dd15218f1a013e70a109e1984ae7d2faa187d273dbf204ee073a11783531eb12,1,0,1,0.8652230872213528,4
mode_plus_indicator,1,dd5c245125fe3099c5e793a7b54c034797b426e0102a57072052647de3c5dd48,1,0,1,0.9834615011080121,4
mode_plus_indicator,1,e18400d255a8fe19f6cf3fb3c63068458a4c1d567fed71427cc4c355472be3dd,0,1,1,0.8302689669677312,3
mode_plus_indicator,1,e26dbf6dab96e0bdac459c7140cb1a4bab5bd832038ab3789e75e2a3ee1ef187,0,1,0,0.000960506987415289,3
mode_plus_indicator,1,e41f2e64a79954c9fd723382f0487dfbf40e9c368b0e03b7c346d068482865eb,0,1,0,0.0387509043263471,3
mode_plus_indicator,1,f86d6e1632a29799273da4683ce4e6e85b3a5dd7a07f2bf94a84a84caeb02e77,0,1,0,0.01584824575185664,3
mode_plus_indicator,1,fdfa6d0e96adb82e9938b26295ca093df27ec4f54560b528eade178354d6cbfc,0,1,0,0.012381818275642923,4
mode_plus_indicator,2,0360d1fe51073754b3d7e916e181429845ca593d2283b305477af36399e10e0a,0,1,0,0.019067392949355694,4
mode_plus_indicator,2,0548dc97d6bdab333330eded8112df676bd49389532fe8b0d4aa3410887c1912,0,1,0,0.06401164586640769,3
mode_plus_indicator,2,0dee614e6d81244540b4166c994f0559c9efce5766765c3e78fcdf5e9c7b7e3f,1,0,1,0.9967453635564182,3
mode_plus_indicator,2,120c066e96fbf896a39fd17defc80d0d3914bd808fdfa0bb021e353ed8901859,0,1,0,0.4817558327328425,4
mode_plus_indicator,2,129187a6d1989b8cc9b57e85dc4d9895800f53b4ae4701f45a08e325b2376b74,1,0,1,0.9841442882163693,4
mode_plus_indicator,2,1b06c566472cb1ec33bf7e37c86c2cb32d5247e2d414507bc5a2d80facf48cfd,1,0,1,0.9804787269485491,3
mode_plus_indicator,2,1b13de9667a1c75c937b869c9712b13162197cb3cecd6a46d0a43d83cc10c822,1,0,1,0.9898976678725632,3
mode_plus_indicator,2,1b5f089a7c6d6cbe4752e5a0476366179819182b598d80d7ff25d6a34fc0111f,1,0,1,0.9749167557920051,4
mode_plus_indicator,2,1c7f4c143bea5753cfffa7db6bc57e8ef8757cfb6ad73cc78c2a324f18bbf8d5,0,1,0,0.034247337736231565,4
mode_plus_indicator,2,2a0f4f605cfcdc52d443d5510c0f07f62dadd3e503b339ea5a801c5c9abd5321,0,1,0,0.03868076707771895,3
mode_plus_indicator,2,3019eb9e1e2b3b50d39f08ab776beb802ed15d5fc99de6ec9091db4070eb02d5,0,1,0,0.3812550719996817,4
mode_plus_indicator,2,37a5ca2f4a45de7fab333b84741ad58cc9f825d41d59b1164bce5f6f8ff371dc,0,1,0,0.04524153531748582,3
mode_plus_indicator,2,3a9042a29b3fdd27f4ee67ed178246094baf68a7233571b46398b0ecc1016bed,0,1,0,0.0170924504541589,4
mode_plus_indicator,2,57406ef4552f43df3583eb064c14d18ff05a35a479c162a4facf5417fa6aacb1,0,1,0,0.45550117234255855,3
mode_plus_indicator,2,5c0b540b637e788c8fc043df421a9c0558a171671432a84b540cbe2534cc5ad0,0,1,0,0.11374532063886214,3
mode_plus_indicator,2,60cfc9ffcb5c94cd7a137909b9ae5d39e77d0510aafc957c78fed02cdcb5a264,0,1,0,0.0057917555414030335,3
mode_plus_indicator,2,61378bf2c4a1c06a1e183a872365216e3b2b8f60f7caf2e2ec42580ad3ed365f,1,0,1,0.9641432193009581,4
mode_plus_indicator,2,699503624a9726f122bd002cf2c31e5d52f3e9d52378c9e39980205edf8e3cb8,0,1,0,0.23051353230727312,3
mode_plus_indicator,2,6fb7211a460e94d8a2ff0054bee1425482bcef1ce7adf232fa5758f42ba5b121,1,0,1,0.9223225505619562,4
mode_plus_indicator,2,74b17ea90d77b212c11109d27b9d3b9be35581a0cc2764adf81eb89a1ff7aabe,1,0,1,0.9687875164840251,4
mode_plus_indicator,2,74d43fe49e4de4a3e8536759ef6eecd48658b73769dc6d3bfaba40e1fa2d20ef,1,0,1,0.5408802893767582,3
mode_plus_indicator,2,757cb6c1021bfb2d04e492afa47e4ca576c7bdb0f2e1634ede080ae8788c08dd,1,0,1,0.5424210666025696,4
mode_plus_indicator,2,76188df7212d02fe6400921583c3af92cec04bccde92adf10fbff387728c06bb,0,1,1,0.5704306020174019,3
mode_plus_indicator,2,789ca93868a1160ef0149b26f44f6db86d70b66095514fabd8e42fc41e0fd745,0,1,0,0.2354960202983803,4
mode_plus_indicator,2,7b4cb154cd8c96042bc5aa6fbfaa724dc9d8e687f6b7683bd7ad946a959c57c3,0,1,0,0.01112704180236938,3
mode_plus_indicator,2,7d8da25e9ce0d659ef0e6ddc790d98e5843871183b13d257985c8192be9c299b,0,1,0,0.01734144263571638,3
mode_plus_indicator,2,7f6eb87a7a0f0e7c7a774f4a858d04d3733168da28f6b25ac8cc3f36a4d9791f,0,1,0,0.22824900067576934,3
mode_plus_indicator,2,7fa477610afc161c8c6896002d27de9519656c1dc1e45ca94e675e67d6b62df4,1,0,0,0.16809777397746412,3
mode_plus_indicator,2,97c28d190215d11fe23f3d9daeb08b08876a6ba9a0b50b9f20e083c3dfdf063d,0,1,0,0.20950793211441762,3
mode_plus_indicator,2,9af78ef35e19aad8c614167387840ddc427d6ba06741bbc5ed79b11923844b40,1,0,1,0.9984392960924422,3
mode_plus_indicator,2,9e38f577755af30ef9073f9811650f8b5e27d31fa538abb028c7257b5938854a,1,0,1,0.9299759602618118,4
mode_plus_indicator,2,ae8873c61d6232fd878a5a241d1017471f0aebad3c70e67f6a80dea02d16c8e8,1,0,1,0.9455263566322151,3
mode_plus_indicator,2,b0ec63e8037dab55904515a603da26c078d8e189ca3edff62640790278ee3e01,0,1,0,0.3369430004121442,3
mode_plus_indicator,2,b56e85f3c7bed8b1bda063f6031ee521ee982cf9f767cb14c5091aaf64bffeab,0,1,0,0.02594125062676901,3
mode_plus_indicator,2,b638ab645482db4e738d7d3eb39bd66b3f32590e2de9c2fe379d9e510078ac26,1,0,1,0.9901980481778049,4
mode_plus_indicator,2,b8e349b1ba6e3b96024138700a9f65e0b547880c5d961e044b3b1316973d8a13,1,0,1,0.8510224504268684,3
mode_plus_indicator,2,ba76646a6cd8bac9a3915000fd01b2c6f72767317e7a127d3c76c2a3528e15cf,1,0,1,0.6486693097059043,4
mode_plus_indicator,2,bc01e9feb2ba2f4c340bc6785a4e3b676a96f1532ea05cc4a644d35d872b0762,0,1,0,0.03782139617428945,3
mode_plus_indicator,2,c55a7e160850b5600d39fdf91e2748ce9a6052c5453da5253e012c334394a10f,0,1,0,0.14458494998366608,3
mode_plus_indicator,2,cacd13fa97e54082499001d9a2fe3123d5447ae19ec99d1b4ab914b5b40f3620,1,0,1,0.9814929561754175,4
mode_plus_indicator,2,cd30b545269c64e3a3a5898d73ac2d127104626770f16dddc903ebcb82750600,0,1,0,0.345726958481363,3
mode_plus_indicator,2,cf47d8d0b7538dc2494a4bd2ff50962532ffa8063831c87277198fc7856d1113,0,1,1,0.7155352743112167,3
mode_plus_indicator,2,d2f6d8bfdc925926b52b4aae864f595549c5c2af935859f00fa441a2540b23a2,1,0,1,0.9072902929643579,4
mode_plus_indicator,2,d30faafdfabaf1b0603ee349f3994cc850fb9581abb48b270769113a399439cc,0,1,0,0.17420573992184374,3
mode_plus_indicator,2,dd2800b0ea96c66364f3306ccd1a5ab6ea03c8388eca414925b643e74a6cb5ac,0,1,1,0.5759952672982647,3
mode_plus_indicator,2,e730d621d57973dddae599c97a7d6066b1465945227bfcd5e8eb81b50c9b32f8,1,0,1,0.988618492903141,4
mode_plus_indicator,2,f571f0cd4c431f4b48997a331dd42b1029a286f870eb5192eb628a62b4db0f30,1,0,1,0.9915230895600217,4
mode_plus_indicator,2,f8d7191c33cd66e4036928b32a526d0e7092e626e266655498b2fb7fa268b982,1,0,1,0.9372448173345793,4
mode_plus_indicator,3,01b2d02e21c70f7adceafe2a74bb7d81a2fd07bf8680e73a3454ba24b0f75e7e,0,1,0,0.0986863914814937,4
mode_plus_indicator,3,066522f7a92b25978c09d7c8f84df1d54215614115225febfce2e971becee109,0,1,0,0.10633653528577364,4
mode_plus_indicator,3,06af32be1fea11cafb8a39d95c9a43fc43ed522f2c1e3b737c37648a2f736f40,0,1,0,0.031002110425767386,3
mode_plus_indicator,3,12da9bc52d27e6191d4e5541a326452567b4d5dee368ffd05c10e6dadefc757e,0,1,0,0.10059013420370434,3
mode_plus_indicator,3,178a78be273c187af69c4c36804102052b935fcffe2c0a83f38d884e6432c23e,1,0,0,0.393203792965974,3
mode_plus_indicator,3,1d51ec110e8e21b17cc0b4768ea24be1f7374646eb4f366556bceb09cb733e19,1,0,1,0.7590239469268935,3
mode_plus_indicator,3,1e299b803253cc89e2fb28de7e05884e01e4232409eb32444eb4ffbd20786704,1,0,1,0.9934906105097039,3
mode_plus_indicator,3,2bc8c2b9337b71f266f35585dc762c806965b51c582af7c8c5a0e47aeeccef54,0,1,0,0.040334538688253874,4
mode_plus_indicator,3,2e962eaae036270df658e4a4408980b6924f8f3ae4e353de90879894c10eeffa,0,1,0,0.02005989250293795,3
mode_plus_indicator,3,389c4502d032aa2f0cc33a502e4200ba50509572bf9baab03efec659d0a94ac3,1,0,1,0.9855975098975205,3
mode_plus_indicator,3,3eadcf23d7d34c055b8ed2f17af7bf8e189759c0f48056da258ae29854ea0703,0,1,0,0.042630545981379005,3
mode_plus_indicator,3,40d1a60b3b046c23fac890cfd6cd24ed7988972f4fd5338af1885872acba6a1d,1,0,0,0.0801908084779217,3
mode_plus_indicator,3,4cf48cafc68ff8e922d89b0238322bfcf427064a08f1ce306dfb7b1039209bc1,1,0,1,0.8081755668483448,4
mode_plus_indicator,3,524e62aa99d66a1475c941c30fcc40cbc63c9ac4f02a66c2797f0af0e68cec0c,0,1,0,0.04193875533867727,3
mode_plus_indicator,3,58575998326d6f39bc9f021302255ed4cb8e71ba926847810c3c6107062b2305,0,1,0,0.05920524782703931,4
mode_plus_indicator,3,5a826db633bc4287d736ccab62222f706dd6bae2431d9e023c4519c2dbf74dbf,1,0,1,0.5471086633199836,4
mode_plus_indicator,3,5c2b48acf547b55cf9c87fa708c9357aa01caa36724f2c43da32b8023347319e,1,0,1,0.9646442610064503,3
mode_plus_indicator,3,5c2e15695af92e59f03182c6a247d293720c0302b43330da5f3e2863d21df14c,0,1,0,0.13207113863231845,3
mode_plus_indicator,3,620cc12069aca5ccf15c41fba13c7c8c9222ee69785e8bf549d69a2c43c490b4,1,0,0,0.15634681592650224,3
mode_plus_indicator,3,63e4dfbbed757f4cc8618922654099706bf26d68fe2c1b8829540bde762c8c3a,0,1,0,0.24795302862708796,3
mode_plus_indicator,3,6b6195468415ac0d72b7ab37b44c6583abf461c24d10c1bc6548e3d5a83bba6f,0,1,0,0.1531105608697659,3
mode_plus_indicator,3,74263a0590c0f5edcafddc6cf3bb13930ed7c8a19ce7c02afbdf8049227b5a24,0,1,0,0.018631593606617227,4
mode_plus_indicator,3,7571ee92bbc9fe16a5ad1579363ef8649ab489f854db348d7d9c4c1e7efc75e9,0,1,0,0.30948742309697447,3
mode_plus_indicator,3,7aca4477c2989c14361a39ad10723de9580751a6b47f57474f7978ed10fd5f78,1,0,1,0.9540924154830548,4
mode_plus_indicator,3,7d1a0d7b51fc1ca79344034ee06dac9db61da107e30bb307a34cbf260c4c303e,1,0,1,0.5973585133917266,4
mode_plus_indicator,3,81bd778b049e7b92197bbaf720877992dbb11553313d9ab43f1528ac1616745d,0,1,0,0.01781006090576047,4
mode_plus_indicator,3,849ae80134bf91e463f2f63b372716e308875ff01244b9d8bee2aba9c5eb9f41,1,0,1,0.5742162093330442,3
mode_plus_indicator,3,8e95953bea6b4979261f7ca3a74a8cb34973c7acff9c3799e2c97e2dea05429a,1,0,1,0.8914156282171263,3
mode_plus_indicator,3,8f55318caaf3927568c5480202057f4c3b39b0a86cf41a6db167fdc77ab9fe39,1,0,0,0.3294041281554177,4
mode_plus_indicator,3,8fce5508f36278d370665df53df181a14de66990b95b69e77e69ef7487b21b0b,1,0,1,0.9912268203387591,4
mode_plus_indicator,3,9c97fd04daf2e276f6870c8a09bc4f169510ecfb6b4efe771802e002cccd35e2,0,1,0,0.043561567663933064,4
mode_plus_indicator,3,9d1210a366042f16f58716a0b2aa2b5521cdf17b75a645c3a5f9a2a3f009892e,1,0,1,0.835782658761453,4
mode_plus_indicator,3,b0a89e4436a57c29cab621c76e7efd3b37c13e43cea5fadd38336b1c5ebddbe4,0,1,0,0.007813886564222102,3
mode_plus_indicator,3,b9be251a4fda0f81d816d42257c61aaced7bedf8dc314ba8934eb4c24378f9eb,0,1,0,0.0277766643597788,3
mode_plus_indicator,3,bf48fb6cbf53057d3b546db601b53563f5b011ddcc2268b459f693500a06ab7a,0,1,0,0.0727776160661141,4
mode_plus_indicator,3,bfcf790ee767993c70f3c276356be34beba834ec45b2f34e7497be74560a5f79,1,0,1,0.977825561142389,3
mode_plus_indicator,3,c6e2d067bd47a9ef04baca30f3b47d6f4fab6b04fdb6fba2f4e35f574be7676b,1,0,1,0.5844687157323117,4
mode_plus_indicator,3,c81d1ba7569fbf0299d326ae4b6ce4b00fb82dcde7b7ad70ec772faf9904f555,1,0,0,0.4409005410821512,4
mode_plus_indicator,3,cc0fc219a020bff908f6e6eb7bbec747dd8a68c3d92461f4ccf417b985254a0d,0,1,0,0.03316929975551072,3
mode_plus_indicator,3,cc5f448a32badd8210c0774fd170aa0efc4f7b9f1c5c4115cf660017252ec109,0,1,1,0.6990645875878989,4
mode_plus_indicator,3,ce64b99dd7879fab4a416b2b107278957d097722e511c122dcfacffba1d6aa7c,0,1,0,0.023619647964982702,4
mode_plus_indicator,3,ce6c68d3a1dbbc1ae9570521fb65beccfea82c109ae978f1d8156ea50eeec3c9,0,1,0,0.006577557212709763,3
mode_plus_indicator,3,e116e341f7f5f6dab22df090e03a21a207341fd36dffd8ce4b5450b87d6ad22c,1,0,1,0.8428207372211303,3
mode_plus_indicator,3,e6a79fde0b768ebd318484a3a32160e6da306eb998fdbc5cb94c76b53b8d0497,1,0,1,0.9899094626645935,4
mode_plus_indicator,3,f0ad337c1acc1781789c6091d8003ba7a56eff910eb6a35154877cc1b87e6e4e,0,1,0,0.01806621278538876,3
mode_plus_indicator,3,f99c9fde728ed0f8a12d0956907d6fef9f90c3e8772e33f88d418df81e50de3a,0,1,0,0.23914135856337213,3
mode_plus_indicator,3,fb2158de6ed4e9a39d3bd3ad86365c118ca6951ca9356fce9ef06d503737df06,1,0,1,0.7546945318372044,3
mode_plus_indicator,3,fd4f03a8e8f290d765c4275316ba719436b925169c2001d5c071a33cfd866652,0,1,0,0.019630634901227035,3
mode_plus_indicator,4,096712ed40df97b119e2b1b3fe93efaac6885a8d6d0c0dcbca66350b83dfcb42,0,1,0,0.04518115340307972,3
mode_plus_indicator,4,096b6ed78faef05c313ad9d51bcfad2e71cd63037cd77d8c7a591f2b5c7e6610,1,0,0,0.46485754085433856,4
mode_plus_indicator,4,0e456da1d5cf3ab7c2f5989ea69e0b08ec37617973a3f31b353534f530abe725,0,1,0,0.008767675610858373,3
mode_plus_indicator,4,13de85647cb767115b90dc11946b4b68b3bf0df758589903b501a619b2b3b417,1,0,1,0.9568454936082285,4
mode_plus_indicator,4,18d067330a032de550678dd02a4fc7def157655810459143f2a382dd21323a18,0,1,0,0.022597653707072406,3
mode_plus_indicator,4,1b1129ef327d069f1a34c42adb437deff3a6d17d68517228c77f803183c892ff,0,1,0,0.2039192354246145,3
mode_plus_indicator,4,1eea40f77e57121da4b599eeb72ab1c5dd4b625c0ec1482606ace2528d3c07c8,0,1,0,0.06924379158671437,3
mode_plus_indicator,4,1f5d179ce8e88b673dbee865916763858299c3e0dc63bb5c513c0b35cf6a46e1,0,1,0,0.17309643989252166,3
mode_plus_indicator,4,1f83652fe17ea9ae57a330edf0e9cf8dd7680eda44b67707befa1bb75a531e0e,0,1,0,0.013162944665762863,3
mode_plus_indicator,4,244d0e39518c8f541b6b8258b6e7cb298cd85acc70e95a648bf50b83332af195,1,0,1,0.9980369647639086,4
mode_plus_indicator,4,37017d97f2466972966c94e197ae3183b56c0eb6189f48ecbd798c6eae203126,1,0,0,0.354588887657935,4
mode_plus_indicator,4,3f021ab13bdcb8ae0e4820708ce8a75ac7d4ecd086ca3b3547275e9243e707ad,1,0,1,0.9789011164847768,3
mode_plus_indicator,4,3fca6ad2af45e994867f0dc386a2e508f5ff6c0c16f41b5125089e51cf3be39e,1,0,1,0.5692513825399343,3
mode_plus_indicator,4,45864539a04450af431cb2a1048352fbcf3a2acc5fe2ce0bf92ec05650925d99,1,0,1,0.9310678094905777,3
mode_plus_indicator,4,4675cfa0fe6893f320e02a6e53a1f9881f02d616ab5f415c1435da962130c064,0,1,0,0.21577847556874755,3
mode_plus_indicator,4,495cc9be552f134bbd4f0e2c0176d48dba754b3dc99c138e97ae8f1fcf0edcb1,1,0,1,0.9000242648617263,3
mode_plus_indicator,4,5a8d0043ad2df8d0f0c35b9d158a0b31ea8a63eb6f595c3f4a094660e70d4d0e,0,1,0,0.004913958815201272,3
mode_plus_indicator,4,5d503dfda1b6df014e460b7ebc2313c1bc47cac4dbf8a6a18c64572da948473c,1,0,0,0.4612869454209553,4
mode_plus_indicator,4,601e3a14e6bc701b040f7d9ae9cb1a6352a91cb827c681d07cc462fda59b4afb,1,0,1,0.9775773036433788,4
mode_plus_indicator,4,67e5760b4b1bccb2009c20987d67ecc249d595658f687eec06f65db3961584f4,1,0,1,0.6335017366538017,4
mode_plus_indicator,4,6a38a3aa130a38b6a6c9e4b293719c34f4ab16da218a8f81551d06e721cd67c9,0,1,0,0.01061469892678495,4
mode_plus_indicator,4,6a8f170690918ae06c3ba2785b52b7ef0f41ec47d10d22255e8fce9fcab1a500,1,0,1,0.9966225371479742,3
mode_plus_indicator,4,6b91d8af6046bb1b3bd4201ff0769b39a44b8575601f6844e89f4fbd8fa89d28,1,0,0,0.13493779139476036,4
mode_plus_indicator,4,70fe8d752064d32a25fd5dfd2f306c301d8439811ba23cdb3194d3e25fb5a50e,1,0,1,0.9968773648415099,3
mode_plus_indicator,4,7e73ac069893cc840847f82526f598463993b1530846863e38db58b64bb001d3,0,1,1,0.8165605570406582,3
mode_plus_indicator,4,82a99de9fbb442105521d932e584019f8b8d46ace4ca08841c9711ef096cd4c5,0,1,0,0.39979720750168,3
mode_plus_indicator,4,8b21c94eb86b1d9ba890e1cc38f18e999802fac53b4631c1731ee9107badae28,1,0,0,0.42733714056926575,4
mode_plus_indicator,4,8bb6305f62d0bcddd0bb27c82749e15f638e7fa04f1fd7cff8afe59356dc2cf8,1,0,1,0.9950111990302206,3
mode_plus_indicator,4,8f4533f48e184729d8435c4595ac02b2a74540885869b0ab9fa1686400f47b38,0,1,0,0.04859447184914161,3
mode_plus_indicator,4,9df599a55e176e2bbd02f26573cddff6595c9e7dd473c30d09b2caba5734fd7e,1,0,1,0.7870647875763095,3
mode_plus_indicator,4,a2d6b1026a6c54283042a0c2e17042ed5fee4e3c557032ee77311dfdcd5d57c4,0,1,0,0.11101199962172734,3
mode_plus_indicator,4,a53941766e6dcccf9c9394bc28d736edcd6812cbea84f16179abd03b796f5ec7,0,1,0,0.15365120771438576,3
mode_plus_indicator,4,ba85fb6d106acb39ff22d1dbb67a3fb66ce2c770958f25f7b065812d2b77fa04,0,1,0,0.08123095889269473,3
mode_plus_indicator,4,bba988a9d26ced6565527b09086c7aade67ef16213a33a6278b2ef3625373529,0,1,0,0.182940363388265,3
mode_plus_indicator,4,c250cae60f244a16c2021f894c8325ca55e383e549055689d646fa3830107b01,0,1,0,0.2392759156430444,3
mode_plus_indicator,4,c9e7a1e3f5a720441980d54da64da6cc0704873f1611a6b7cf0be975f47747ec,0,1,0,0.03810941063898014,4
mode_plus_indicator,4,c9e81c70995e4af02e24d4f22730abed6a955fc8aa4489391dcce8a780049d0c,1,0,1,0.9940096704060184,3
mode_plus_indicator,4,cd9c8c6bc18516e3a9ac3fb1d6afa604d44229e73613770a4784f65ebb57b974,1,0,1,0.9737360027436014,4
mode_plus_indicator,4,df1d3b0f2248abab4fb12f8f9aa0bb8eb0474bc47842db922dee0baa5ec6bda1,1,0,1,0.8810952238395778,4
mode_plus_indicator,4,e5c9900a36e1da52f16efd8fac68ba4cfecaa06c48f4a537af4ce62dc3acba63,0,1,0,0.008648319451115981,3
mode_plus_indicator,4,e7e2449f4432e1c84b59cf7c038eccdaf3bc03994089a00dfd9cc30a019ab68f,0,1,0,0.013143533279217195,3
mode_plus_indicator,4,ec4d12033a1fd07b320e7d4cd8d5b4ee80c604728b96360e714545dfc9024b5b,0,1,0,0.07366708301995467,3
mode_plus_indicator,4,eccf1293fca65adfe383732981fadacced2c99c1eebaf28a15371204a6c92270,1,0,1,0.7853094727696449,4
mode_plus_indicator,4,f16247d803620af74eeb494a3c09ac3e6acfdd0bf5a4af592731805fbed20719,0,1,0,0.016567085879835134,3
mode_plus_indicator,4,f4120adf75eab3565048aed3d1a7c55680beb59934877654a7db7c346038efb2,0,1,0,0.036638264727603384,3
mode_plus_indicator,4,f8d73caef322ee691205b1cd0841423e1f53618a514645cb0634a72d8435aced,1,0,0,0.034789883724980715,4
mode_plus_indicator,4,fe294f19347477153461441681326d163ce2d6aeea6650f20536e917b90285e4,0,1,0,0.18483076042287824,3
mode_plus_indicator,4,fedd5c70bb3c8a11fb43b60060935c094a31d5805eb1ed2fd15017ab9da91375,0,1,0,0.03726868374649059,3
mode_plus_indicator,5,061ba64092eac5bd44c6cacbaea2462c1e8b466f74244a7b2c13c2ba19e131c7,0,1,0,0.0094440891195018,3
mode_plus_indicator,5,07c4c4ce98cafa879b533e4f51ab5fd8f20c01d146b13a83e0340860f7edafb2,0,1,1,0.5694750507561563,3
mode_plus_indicator,5,10cb202b1229270efda6de3f5cac0cf57a41e4f051b04330f96cbf00c11a67b9,1,0,0,0.10079368039476432,4
mode_plus_indicator,5,14443b3d24612a35abba78aaa251bff9b49707282094c445ec45fd38b3ffa6f9,1,0,1,0.9921806600196189,4
mode_plus_indicator,5,28fd2bbdfb26c8b6021071f28feed6016e0cbd9e1b4ffc55f53e9092e9c13fd1,0,1,0,0.010407583539574316,3
mode_plus_indicator,5,297729bb51295fd7c92c3e11ea44a176fd131ffa59292eb69bf12a5cfb61d7ec,0,1,0,0.052035352828423136,3
mode_plus_indicator,5,2d917aba2e1c80aafcc9567b5ad199c26af38d88bde9e0c72f0a9c4501401d25,1,0,1,0.6252245497995736,3
mode_plus_indicator,5,31fb88da40cc50c6bb2bf5c056385a8acd4a2fdf92ca684f2b333232a08e0bf9,1,0,1,0.9952293952079984,4
mode_plus_indicator,5,33e6adf80af0df0a39618b9acfc57926cc2019f47aba6970b12cc71b90133528,1,0,1,0.9893255992699773,4
mode_plus_indicator,5,38bce2ff0e22f3df539b55d9d216d260f103d59ddf92db797b5b3d91f45c5871,1,0,0,0.10599162698218163,4
mode_plus_indicator,5,3f81224d51c07e4952ab66f425301ca48f70330dc9818ab11018078840c774e4,0,1,1,0.6791195207893646,3
mode_plus_indicator,5,4429b79f639f96884a81b073d2cca8b658c3155ac7cbd42eb827dc1dc99c016e,1,0,1,0.9784417696470952,4
mode_plus_indicator,5,5dfb68eaf3fe08e7b765653dc52a7703f216a93268881875b2f09995326b1393,0,1,0,0.08995087771443978,4
mode_plus_indicator,5,647869556e35bc8fdc67c14d538ff75f1c52ae89f0ee4c7e078ff50a0db62fa1,1,0,1,0.7700798895809248,4
mode_plus_indicator,5,6722a9945781794c423b108d03952930f9d754497aa1321848b989b9e89c4f33,1,0,1,0.7642571417967557,4
mode_plus_indicator,5,677ace1b7f031aa18f4cef63c87a9fbecdc05d0153ba697168eb3c812d79bb19,0,1,0,0.2531463610802713,3
mode_plus_indicator,5,6a5facba7060397b41b604e420c7447f305524010379fc44045788411bf8d418,0,1,0,0.3792460887711298,3
mode_plus_indicator,5,6ca52788d8dbc2bdc178275f032f7b8c01fa68075e0850b9c5448161951786a9,1,0,1,0.7818125729215408,4
mode_plus_indicator,5,7183b17b4592fa23b00888e29295f19259bce28fcbde332655aa64db1ec677f4,1,0,1,0.9983502528737332,3
mode_plus_indicator,5,74711b8929e416b1ddec52d3428bc8e56ccf9d866095c2ee2b38b4de3e2d801d,1,0,0,0.40375841563870146,3
mode_plus_indicator,5,77d5789c9dbdb4478c8d61a59fd5db8997e837ff2ce0198a9b25ecaf89baf4a0,1,0,0,0.3511911407127015,3
mode_plus_indicator,5,7c1fb69465a7636425be744b6cf9f0a9e0b642b470151730b2223f390f084cb4,0,1,0,0.1492925300101877,3
mode_plus_indicator,5,83ee532a1d29b3a96067a4d54513c801553ec3df64470b689aac366c71d6a042,0,1,1,0.8493981889460666,3
mode_plus_indicator,5,88787e52c8e73fece635b59741e5064a29ff0d0e1509c3e5d51543b5ec5ba88a,1,0,1,0.9933856937621279,4
mode_plus_indicator,5,8ee78b19a7462aeeefa87f284e9d20a8e7725e541e71f365c6cc9b749185256c,1,0,1,0.9573755856102539,4
mode_plus_indicator,5,8fb0b52de49f211acfa3020927c26a1e684640557296a758fc0072e7dac852a6,1,0,1,0.8936432957987167,3
mode_plus_indicator,5,aca412568c2d3e84423ec48b4c259f0bf59e7f24c2b6a548305164a462fb8367,0,1,0,0.36958163063398497,4
mode_plus_indicator,5,ae2d5071351d67263b313982031f450f66d77675bce081949c82bfa759d014be,0,1,0,0.02651619563586419,3
mode_plus_indicator,5,b3468cc6871414e829c8ec8693fde72cae6ad1c8830fc103376427901047c434,0,1,0,0.06955051938732343,3
mode_plus_indicator,5,b78557ce10197718a152e202e49d54e4f3510e8b930749217564c5db89832954,0,1,0,0.15338532690638332,3
mode_plus_indicator,5,b98d3240019a115ee2fccbec1fdf30c890f2e6d5bd029388daa513437e1b5434,1,0,1,0.9704923832609913,3
mode_plus_indicator,5,b9f19fa8190e5b6f47648f3a9da3f9afc583fd73bdf9c7a0e204c9f9684d4169,0,1,0,0.011497433376237027,4
mode_plus_indicator,5,bacf5f3cb82469f6cb94d07511d9b74ff6031b0f53be437791bb968c96d2923f,0,1,0,0.18389494914597407,3
mode_plus_indicator,5,ca34f7df41e00a22d82176837673a1b167f35018f31863a68d987fe94f6044f2,0,1,1,0.7433031168846584,3
mode_plus_indicator,5,cd365ce7907ad5d04fd47b4d8758d592e29b75c0baeecca5f1cc14bd0d7fc010,0,1,0,0.004907443841757679,3
mode_plus_indicator,5,cf0437b7443620131ffb1a124fa7407a4169173892a206fd3205c0d8cec68924,0,1,0,0.08846795027497562,3
mode_plus_indicator,5,d599b2196258eba82068373f3df1938a4b520ed6c54955aaa1fa503794b24adc,0,1,0,0.01407482357238075,3
mode_plus_indicator,5,d6ae8c98af272bca3058d34fc0e930cbf2dcc32b406602f6d5e2b0b54e0e6565,1,0,1,0.9854760128562178,3
mode_plus_indicator,5,dbb17851c899b8708331cfae6bd526f5dd385f9cc94d0bf647c577302afad8ea,0,1,1,0.9564414867986716,3
mode_plus_indicator,5,e267aca2d9fad7b05b3e27e392eea6c3ac2fe229dfe6fba8125edb8ab70fa856,1,0,1,0.9972403992259038,4
mode_plus_indicator,5,e982aa16188dee201345fa9375c31bce273c55ce71f68abbe66ada568c7a9b63,1,0,1,0.9061159366023759,3
mode_plus_indicator,5,ea57250f104de3238441dcd3a225f555a2513240855feb6fafd2b23c1fc39aba,0,1,0,0.01899747923316074,3
mode_plus_indicator,5,ee76e98271c98fdbfe03307181269b985dad709fc0b0f2364647f21b0ed372e5,1,0,1,0.9988868430076419,3
mode_plus_indicator,5,f0914630bcb4501011c61f0fdca100f2ed1871b0dc37e8c1efe4ad782fc5ea18,0,1,1,0.645546496789853,3
mode_plus_indicator,5,f4b13e3f04b63170894bf22d8fc9562675ee2f2cb9a0d1cb95ffa9ee0ca6cab1,0,1,0,0.005637382987542292,3
mode_plus_indicator,5,f5955d065e1ad64e6dd7a066e46970faf4570609e889a82677c91847b43ccf51,0,1,0,0.010009524123787455,3
mode_plus_indicator,5,f6d853fdc4a1ac5955be7d219c34a8f08a6dacd7e7fccc931028d92e8429651b,1,0,1,0.9967090554530562,3
mode_plus_indicator,5,fd7aa2b65fe93a64b53b9c837c3e6c7176d77035cc0eb236a0cf8fff931b588c,0,1,0,0.4141656484321043,3
