record_number,csv_line_start,csv_line_end,group_id,fold,target,prediction,probability_target_1
1,2,2,dd15218f1a013e70a109e1984ae7d2faa187d273dbf204ee073a11783531eb12,1,0,0,0.04916103201626199
2,3,3,8d6840f62c2edb1e02086519ff5e9163cc08d066341dc64f37a69d833324e6bf,1,0,0,0.04728130294950398
7,8,8,d30c09705f48c161d3a9e5efeb137dd919907efda71e91f7457a1177531458cf,1,0,0,0.18730605475304427
23,24,24,e18400d255a8fe19f6cf3fb3c63068458a4c1d567fed71427cc4c355472be3dd,1,1,0,0.10338658161121388
27,28,28,200be9908d2f03977c9d890b01bcb7c5d6451d6722981c3e25a653c9bf889bf0,1,1,1,0.9840071052267901
29,30,30,cfba642a12fc49a24c4a9576252fe8886575fba4b0aba975c99ed02b1c5bc28d,1,0,0,0.24646078182047673
35,36,36,0ace5c2af2df9bc4e6441e53e392444525e325a2d3a68c86d2b5642afd86d72f,1,1,1,0.9950543134323637
40,41,41,696582f64d2c8c4c7be10106139532593c1c19d4dec3198b61f8e4b320f29b6d,1,0,0,0.09008348688630856
45,46,46,fdfa6d0e96adb82e9938b26295ca093df27ec4f54560b528eade178354d6cbfc,1,1,1,0.9933374623954028
50,51,51,343f97779e92a75005a37b420b3886a2ab852ac2282cd0b3565b5e75473619ad,1,0,0,0.019005995592465116
63,64,64,7f46e41a27a75de946eb9ebf48a991a157e9490f0b996e0e1466f132bcd092f9,1,0,0,0.0037701458787911517
76,77,77,603cfec9ce1edf3278224d34ea43ef858a566d5a4c964e9678680d07026438d1,1,1,1,0.9674660416672154
91,92,92,8e815e6224cc4639a52ab1ae08fb124e258ce0126e14966faedf7a394b414341,1,1,1,0.9987279398205182
97,98,98,4e46c66a13476a18e41b9011c90927a84959e00120bb6bf8803729a2164e900c,1,1,1,0.6889529048028372
104,105,105,603cfec9ce1edf3278224d34ea43ef858a566d5a4c964e9678680d07026438d1,1,1,1,0.9674660416672154
107,108,108,4ac578757f209823c2f46aae5441e129be3ea66c5c789b25152679499ebb2be6,1,0,0,0.2073218037154678
112,113,113,7f002c74c88d56f20387f9a39939a28cbfdfff55085d9611f50b66fdfd547e8f,1,1,0,0.01991923400332243
134,135,135,0ace5c2af2df9bc4e6441e53e392444525e325a2d3a68c86d2b5642afd86d72f,1,1,1,0.9950543134323637
137,138,138,fdfa6d0e96adb82e9938b26295ca093df27ec4f54560b528eade178354d6cbfc,1,1,1,0.9933374623954028
139,140,140,603cfec9ce1edf3278224d34ea43ef858a566d5a4c964e9678680d07026438d1,1,1,1,0.9674660416672154
147,148,148,860eb53eed8a67b576b005aefd9eeb466479557343a6dac29a4085b281056fec,1,1,1,0.9963506611213525
151,152,152,d30c09705f48c161d3a9e5efeb137dd919907efda71e91f7457a1177531458cf,1,0,0,0.18730605475304427
152,153,153,3f2ae0deb6d754888898ee1bfde5b96c5101eb11a8e9a5cb525b7ca2d517fd4e,1,0,0,0.06353960513140457
155,156,156,dd5c245125fe3099c5e793a7b54c034797b426e0102a57072052647de3c5dd48,1,0,0,0.005581289553537219
157,158,158,0407b2e5edd3f95da70a19f2c12e12a47c44e87ff40fc30a43008ea9828acd37,1,1,1,0.7559221709317115
161,162,162,bb7e29caa6d2cef421e3a09d03d81364f29d33dcdbcf549476c1d7c6d82ab962,1,0,0,0.20471783262508866
163,164,164,bb7e29caa6d2cef421e3a09d03d81364f29d33dcdbcf549476c1d7c6d82ab962,1,0,0,0.20471783262508866
174,175,175,e26dbf6dab96e0bdac459c7140cb1a4bab5bd832038ab3789e75e2a3ee1ef187,1,1,1,0.9997940052277124
178,179,179,534f9af47c5f491cc5dccac4f9d01a63b6e3c81664b5debce6e390a31e8362e6,1,0,0,0.008157560266466888
182,183,183,66d1e294707307b4e01fbfec8f7518babeca6f7c3d358e108423e5c4ef2a97bb,1,1,1,0.6385906804563966
194,195,195,a413cb39d1decbc932843765c2542a4f438d41b0490d251063c04001303012b5,1,1,0,0.18142390699057076
200,201,201,5a5522ce37eb6a200af447f255944323e78731c213ba32119d8a85a9c50441d9,1,0,0,0.0050507793004653
212,213,213,7f46e41a27a75de946eb9ebf48a991a157e9490f0b996e0e1466f132bcd092f9,1,0,0,0.0037701458787911517
217,218,218,170beb254cb4ead91ac6abdd27b9f5fb35183137c08b806ed7193d57b16feb8e,1,0,0,0.001476943410592375
223,224,224,66d1e294707307b4e01fbfec8f7518babeca6f7c3d358e108423e5c4ef2a97bb,1,1,1,0.6385906804563966
224,225,225,e26dbf6dab96e0bdac459c7140cb1a4bab5bd832038ab3789e75e2a3ee1ef187,1,1,1,0.9997940052277124
234,235,235,135c49b7206acbca4bd59a45bb5d0a441086b0141794b35d9d227242c762622b,1,1,1,0.994758292480581
239,240,240,343f97779e92a75005a37b420b3886a2ab852ac2282cd0b3565b5e75473619ad,1,0,0,0.019005995592465116
240,241,241,cc8c89cd0a972fdc064c79b43412c7ecf3dd893295d57cf6507359ba5fd03779,1,0,1,0.6239871493798538
247,248,248,3f2ae0deb6d754888898ee1bfde5b96c5101eb11a8e9a5cb525b7ca2d517fd4e,1,0,0,0.06353960513140457
249,250,250,71a456eca9ed8e0f911459cf49f92f5fc04a04441ffa627fcc36dce85f9fa8d2,1,1,1,0.9903014942650918
253,254,254,825f8b984b3b2505c87484fc88419cb15c5d6d2fb94134940297db5ba9c9b0a0,1,0,0,0.0016087839865996773
264,265,265,fdfa6d0e96adb82e9938b26295ca093df27ec4f54560b528eade178354d6cbfc,1,1,1,0.9933374623954028
266,267,267,e18400d255a8fe19f6cf3fb3c63068458a4c1d567fed71427cc4c355472be3dd,1,1,0,0.10338658161121388
273,274,274,71a456eca9ed8e0f911459cf49f92f5fc04a04441ffa627fcc36dce85f9fa8d2,1,1,1,0.9903014942650918
283,284,284,8feee4224ffbeb5f7b43b2b4fad9c3c5ae603265edf250f61081635299493c5f,1,1,1,0.9841095642287552
284,285,285,66d1e294707307b4e01fbfec8f7518babeca6f7c3d358e108423e5c4ef2a97bb,1,1,1,0.6385906804563966
287,288,288,5270e06dd07b1eee8360113c3002a00782a57f2fd1ee83b393297d321910c860,1,1,1,0.9763620464372611
293,294,294,dcf56b83ac2fcdb249809aacc65db1e72810bd0f85d48af38af88189180f5359,1,1,1,0.7448285282797275
296,297,297,7f46e41a27a75de946eb9ebf48a991a157e9490f0b996e0e1466f132bcd092f9,1,0,0,0.0037701458787911517
303,304,304,fdfa6d0e96adb82e9938b26295ca093df27ec4f54560b528eade178354d6cbfc,1,1,1,0.9933374623954028
310,311,311,7bc7edc81504823da0e2cc15c08d254d6374580c1278bd0c02c1068619176e4d,1,1,1,0.8517523135578072
314,315,315,2270cf63c75bff8f5ef058b2fadb9aecf66d022bcba7474ec79d74ed30cc1f3f,1,1,0,0.4779002903406515
315,316,316,0407b2e5edd3f95da70a19f2c12e12a47c44e87ff40fc30a43008ea9828acd37,1,1,1,0.7559221709317115
317,318,318,5270e06dd07b1eee8360113c3002a00782a57f2fd1ee83b393297d321910c860,1,1,1,0.9763620464372611
320,321,321,e41f2e64a79954c9fd723382f0487dfbf40e9c368b0e03b7c346d068482865eb,1,1,1,0.9555217216911231
326,327,327,7bc7edc81504823da0e2cc15c08d254d6374580c1278bd0c02c1068619176e4d,1,1,1,0.8517523135578072
327,328,328,3f2ae0deb6d754888898ee1bfde5b96c5101eb11a8e9a5cb525b7ca2d517fd4e,1,0,0,0.06353960513140457
329,330,330,0609526803727eb7a02eae6e31fdad5351ee604bf6e87ca01cef0f174ec966c4,1,0,0,0.010184730792452218
330,331,331,e41f2e64a79954c9fd723382f0487dfbf40e9c368b0e03b7c346d068482865eb,1,1,1,0.9555217216911231
334,335,335,295d3770d48a22c76fbea70306840dbd3e5705d6e8d33e981f02fd949298e5e7,1,1,1,0.9960178065992966
339,340,340,cfba642a12fc49a24c4a9576252fe8886575fba4b0aba975c99ed02b1c5bc28d,1,0,0,0.24646078182047673
348,349,349,8e815e6224cc4639a52ab1ae08fb124e258ce0126e14966faedf7a394b414341,1,1,1,0.9987279398205182
352,353,353,5a5522ce37eb6a200af447f255944323e78731c213ba32119d8a85a9c50441d9,1,0,0,0.0050507793004653
360,361,361,e41f2e64a79954c9fd723382f0487dfbf40e9c368b0e03b7c346d068482865eb,1,1,1,0.9555217216911231
372,373,373,825f8b984b3b2505c87484fc88419cb15c5d6d2fb94134940297db5ba9c9b0a0,1,0,0,0.0016087839865996773
373,374,374,295d3770d48a22c76fbea70306840dbd3e5705d6e8d33e981f02fd949298e5e7,1,1,1,0.9960178065992966
381,382,382,dc3c121a5dfc1821538ece060b91b4c94fe9371f0c30eb41c6d7e3fe52ffa100,1,0,0,0.0019212708352007832
388,389,389,bb7e29caa6d2cef421e3a09d03d81364f29d33dcdbcf549476c1d7c6d82ab962,1,0,0,0.20471783262508866
389,390,390,534f9af47c5f491cc5dccac4f9d01a63b6e3c81664b5debce6e390a31e8362e6,1,0,0,0.008157560266466888
395,396,396,dd5c245125fe3099c5e793a7b54c034797b426e0102a57072052647de3c5dd48,1,0,0,0.005581289553537219
403,404,404,92304ad7f291bd2213aa856c0ea3eeba5566f3bff231dc1e8df23cba6b6cef63,1,1,1,0.8218679955794618
406,407,407,cfba642a12fc49a24c4a9576252fe8886575fba4b0aba975c99ed02b1c5bc28d,1,0,0,0.24646078182047673
414,415,415,0609526803727eb7a02eae6e31fdad5351ee604bf6e87ca01cef0f174ec966c4,1,0,0,0.010184730792452218
416,417,417,8feee4224ffbeb5f7b43b2b4fad9c3c5ae603265edf250f61081635299493c5f,1,1,1,0.9841095642287552
421,422,422,4e46c66a13476a18e41b9011c90927a84959e00120bb6bf8803729a2164e900c,1,1,1,0.6889529048028372
438,439,439,1546abffe6332affe53e386427effe04cc2751bced858e563c9bcaa2c9b24fa0,1,0,0,0.00022582958257891283
441,442,442,cc8c89cd0a972fdc064c79b43412c7ecf3dd893295d57cf6507359ba5fd03779,1,0,1,0.6239871493798538
449,450,450,860eb53eed8a67b576b005aefd9eeb466479557343a6dac29a4085b281056fec,1,1,1,0.9963506611213525
451,452,452,0ddceaf19a5cf5d118fbf392204aa1a82ba99fdc457b92f25ee797383d5f8372,1,0,0,0.00886019826179959
456,457,457,a413cb39d1decbc932843765c2542a4f438d41b0490d251063c04001303012b5,1,1,0,0.18142390699057076
458,459,459,71a456eca9ed8e0f911459cf49f92f5fc04a04441ffa627fcc36dce85f9fa8d2,1,1,1,0.9903014942650918
469,470,470,dcf56b83ac2fcdb249809aacc65db1e72810bd0f85d48af38af88189180f5359,1,1,1,0.7448285282797275
472,473,473,5270e06dd07b1eee8360113c3002a00782a57f2fd1ee83b393297d321910c860,1,1,1,0.9763620464372611
478,479,479,696582f64d2c8c4c7be10106139532593c1c19d4dec3198b61f8e4b320f29b6d,1,0,0,0.09008348688630856
482,483,483,0ddceaf19a5cf5d118fbf392204aa1a82ba99fdc457b92f25ee797383d5f8372,1,0,0,0.00886019826179959
488,489,489,170beb254cb4ead91ac6abdd27b9f5fb35183137c08b806ed7193d57b16feb8e,1,0,0,0.001476943410592375
490,491,491,dcf56b83ac2fcdb249809aacc65db1e72810bd0f85d48af38af88189180f5359,1,1,1,0.7448285282797275
491,492,492,4e46c66a13476a18e41b9011c90927a84959e00120bb6bf8803729a2164e900c,1,1,1,0.6889529048028372
494,495,495,825f8b984b3b2505c87484fc88419cb15c5d6d2fb94134940297db5ba9c9b0a0,1,0,0,0.0016087839865996773
496,497,497,30b933ace8f9fcaa8563c3d45a947ee641c793d5ce5e63fe9b184854f2805ebc,1,1,0,0.2517406555985775
508,509,509,8feee4224ffbeb5f7b43b2b4fad9c3c5ae603265edf250f61081635299493c5f,1,1,1,0.9841095642287552
513,514,514,ad62d3796b9e5d6cb390232882aced91f4b2175affc6fca536ba075e9f928696,1,0,0,0.25648479163849064
530,531,531,a413cb39d1decbc932843765c2542a4f438d41b0490d251063c04001303012b5,1,1,0,0.18142390699057076
535,536,536,8e815e6224cc4639a52ab1ae08fb124e258ce0126e14966faedf7a394b414341,1,1,1,0.9987279398205182
537,538,538,f86d6e1632a29799273da4683ce4e6e85b3a5dd7a07f2bf94a84a84caeb02e77,1,1,1,0.9940098947496188
547,548,548,0609526803727eb7a02eae6e31fdad5351ee604bf6e87ca01cef0f174ec966c4,1,0,0,0.010184730792452218
549,550,550,860eb53eed8a67b576b005aefd9eeb466479557343a6dac29a4085b281056fec,1,1,1,0.9963506611213525
559,560,560,e26dbf6dab96e0bdac459c7140cb1a4bab5bd832038ab3789e75e2a3ee1ef187,1,1,1,0.9997940052277124
564,565,565,ad62d3796b9e5d6cb390232882aced91f4b2175affc6fca536ba075e9f928696,1,0,0,0.25648479163849064
571,572,572,3e112fed1f2a09fda69b8b62ed9a1ed98e6ac5bad1cbf35a0c622a861b38c9f5,1,1,1,0.9993700801806132
574,575,575,ad62d3796b9e5d6cb390232882aced91f4b2175affc6fca536ba075e9f928696,1,0,0,0.25648479163849064
578,579,579,0609526803727eb7a02eae6e31fdad5351ee604bf6e87ca01cef0f174ec966c4,1,0,0,0.010184730792452218
580,581,581,dc3c121a5dfc1821538ece060b91b4c94fe9371f0c30eb41c6d7e3fe52ffa100,1,0,0,0.0019212708352007832
585,586,586,825f8b984b3b2505c87484fc88419cb15c5d6d2fb94134940297db5ba9c9b0a0,1,0,0,0.0016087839865996773
586,587,587,0407b2e5edd3f95da70a19f2c12e12a47c44e87ff40fc30a43008ea9828acd37,1,1,1,0.7559221709317115
591,592,592,2270cf63c75bff8f5ef058b2fadb9aecf66d022bcba7474ec79d74ed30cc1f3f,1,1,0,0.4779002903406515
616,617,617,f86d6e1632a29799273da4683ce4e6e85b3a5dd7a07f2bf94a84a84caeb02e77,1,1,1,0.9940098947496188
618,619,619,135c49b7206acbca4bd59a45bb5d0a441086b0141794b35d9d227242c762622b,1,1,1,0.994758292480581
635,636,636,dd15218f1a013e70a109e1984ae7d2faa187d273dbf204ee073a11783531eb12,1,0,0,0.04916103201626199
655,656,656,135c49b7206acbca4bd59a45bb5d0a441086b0141794b35d9d227242c762622b,1,1,1,0.994758292480581
658,659,659,71a456eca9ed8e0f911459cf49f92f5fc04a04441ffa627fcc36dce85f9fa8d2,1,1,1,0.9903014942650918
662,663,663,d30c09705f48c161d3a9e5efeb137dd919907efda71e91f7457a1177531458cf,1,0,0,0.18730605475304427
672,673,673,dd15218f1a013e70a109e1984ae7d2faa187d273dbf204ee073a11783531eb12,1,0,0,0.04916103201626199
675,676,676,dd5c245125fe3099c5e793a7b54c034797b426e0102a57072052647de3c5dd48,1,0,0,0.005581289553537219
686,687,687,0ddceaf19a5cf5d118fbf392204aa1a82ba99fdc457b92f25ee797383d5f8372,1,0,0,0.00886019826179959
690,691,691,3e112fed1f2a09fda69b8b62ed9a1ed98e6ac5bad1cbf35a0c622a861b38c9f5,1,1,1,0.9993700801806132
693,694,694,8d6840f62c2edb1e02086519ff5e9163cc08d066341dc64f37a69d833324e6bf,1,0,0,0.04728130294950398
695,696,696,18a41bc3a1d854654e09b4269e27c4989bddb4ddea9d69fc6dd5b0ea19ccb130,1,0,0,0.12221942513495543
697,698,698,f86d6e1632a29799273da4683ce4e6e85b3a5dd7a07f2bf94a84a84caeb02e77,1,1,1,0.9940098947496188
707,708,708,696582f64d2c8c4c7be10106139532593c1c19d4dec3198b61f8e4b320f29b6d,1,0,0,0.09008348688630856
708,709,709,7bc7edc81504823da0e2cc15c08d254d6374580c1278bd0c02c1068619176e4d,1,1,1,0.8517523135578072
716,717,717,92304ad7f291bd2213aa856c0ea3eeba5566f3bff231dc1e8df23cba6b6cef63,1,1,1,0.8218679955794618
718,719,719,cfba642a12fc49a24c4a9576252fe8886575fba4b0aba975c99ed02b1c5bc28d,1,0,0,0.24646078182047673
725,726,726,2270cf63c75bff8f5ef058b2fadb9aecf66d022bcba7474ec79d74ed30cc1f3f,1,1,0,0.4779002903406515
734,735,735,36ef84ea39323f491e3bb21475464b9d3da7df200d4412c1945bb19f9cfeeda7,1,1,1,0.9984561647223146
736,737,737,0ace5c2af2df9bc4e6441e53e392444525e325a2d3a68c86d2b5642afd86d72f,1,1,1,0.9950543134323637
738,739,739,1546abffe6332affe53e386427effe04cc2751bced858e563c9bcaa2c9b24fa0,1,0,0,0.00022582958257891283
743,744,744,dd5c245125fe3099c5e793a7b54c034797b426e0102a57072052647de3c5dd48,1,0,0,0.005581289553537219
748,749,749,343f97779e92a75005a37b420b3886a2ab852ac2282cd0b3565b5e75473619ad,1,0,0,0.019005995592465116
757,758,758,534f9af47c5f491cc5dccac4f9d01a63b6e3c81664b5debce6e390a31e8362e6,1,0,0,0.008157560266466888
773,774,774,cc8c89cd0a972fdc064c79b43412c7ecf3dd893295d57cf6507359ba5fd03779,1,0,1,0.6239871493798538
782,783,783,dc3c121a5dfc1821538ece060b91b4c94fe9371f0c30eb41c6d7e3fe52ffa100,1,0,0,0.0019212708352007832
801,802,802,1546abffe6332affe53e386427effe04cc2751bced858e563c9bcaa2c9b24fa0,1,0,0,0.00022582958257891283
806,807,807,7f002c74c88d56f20387f9a39939a28cbfdfff55085d9611f50b66fdfd547e8f,1,1,0,0.01991923400332243
808,809,809,200be9908d2f03977c9d890b01bcb7c5d6451d6722981c3e25a653c9bf889bf0,1,1,1,0.9840071052267901
810,811,811,295d3770d48a22c76fbea70306840dbd3e5705d6e8d33e981f02fd949298e5e7,1,1,1,0.9960178065992966
814,815,815,8d6840f62c2edb1e02086519ff5e9163cc08d066341dc64f37a69d833324e6bf,1,0,0,0.04728130294950398
817,818,818,92304ad7f291bd2213aa856c0ea3eeba5566f3bff231dc1e8df23cba6b6cef63,1,1,1,0.8218679955794618
828,829,829,696582f64d2c8c4c7be10106139532593c1c19d4dec3198b61f8e4b320f29b6d,1,0,0,0.09008348688630856
829,830,830,200be9908d2f03977c9d890b01bcb7c5d6451d6722981c3e25a653c9bf889bf0,1,1,1,0.9840071052267901
854,855,855,1546abffe6332affe53e386427effe04cc2751bced858e563c9bcaa2c9b24fa0,1,0,0,0.00022582958257891283
860,861,861,4ac578757f209823c2f46aae5441e129be3ea66c5c789b25152679499ebb2be6,1,0,0,0.2073218037154678
864,865,865,dd15218f1a013e70a109e1984ae7d2faa187d273dbf204ee073a11783531eb12,1,0,0,0.04916103201626199
890,891,891,0ddceaf19a5cf5d118fbf392204aa1a82ba99fdc457b92f25ee797383d5f8372,1,0,0,0.00886019826179959
895,896,896,4ac578757f209823c2f46aae5441e129be3ea66c5c789b25152679499ebb2be6,1,0,0,0.2073218037154678
900,901,901,30b933ace8f9fcaa8563c3d45a947ee641c793d5ce5e63fe9b184854f2805ebc,1,1,0,0.2517406555985775
906,907,907,534f9af47c5f491cc5dccac4f9d01a63b6e3c81664b5debce6e390a31e8362e6,1,0,0,0.008157560266466888
910,911,911,5a5522ce37eb6a200af447f255944323e78731c213ba32119d8a85a9c50441d9,1,0,0,0.0050507793004653
914,915,915,e18400d255a8fe19f6cf3fb3c63068458a4c1d567fed71427cc4c355472be3dd,1,1,0,0.10338658161121388
917,918,918,170beb254cb4ead91ac6abdd27b9f5fb35183137c08b806ed7193d57b16feb8e,1,0,0,0.001476943410592375
921,922,922,18a41bc3a1d854654e09b4269e27c4989bddb4ddea9d69fc6dd5b0ea19ccb130,1,0,0,0.12221942513495543
922,923,923,dc3c121a5dfc1821538ece060b91b4c94fe9371f0c30eb41c6d7e3fe52ffa100,1,0,0,0.0019212708352007832
931,932,932,170beb254cb4ead91ac6abdd27b9f5fb35183137c08b806ed7193d57b16feb8e,1,0,0,0.001476943410592375
939,940,940,7f002c74c88d56f20387f9a39939a28cbfdfff55085d9611f50b66fdfd547e8f,1,1,0,0.01991923400332243
953,954,954,3e112fed1f2a09fda69b8b62ed9a1ed98e6ac5bad1cbf35a0c622a861b38c9f5,1,1,1,0.9993700801806132
965,966,966,36ef84ea39323f491e3bb21475464b9d3da7df200d4412c1945bb19f9cfeeda7,1,1,1,0.9984561647223146
969,970,970,8d6840f62c2edb1e02086519ff5e9163cc08d066341dc64f37a69d833324e6bf,1,0,0,0.04728130294950398
976,977,977,18a41bc3a1d854654e09b4269e27c4989bddb4ddea9d69fc6dd5b0ea19ccb130,1,0,0,0.12221942513495543
982,983,983,18a41bc3a1d854654e09b4269e27c4989bddb4ddea9d69fc6dd5b0ea19ccb130,1,0,0,0.12221942513495543
985,986,986,30b933ace8f9fcaa8563c3d45a947ee641c793d5ce5e63fe9b184854f2805ebc,1,1,0,0.2517406555985775
992,993,993,343f97779e92a75005a37b420b3886a2ab852ac2282cd0b3565b5e75473619ad,1,0,0,0.019005995592465116
1011,1012,1012,4ac578757f209823c2f46aae5441e129be3ea66c5c789b25152679499ebb2be6,1,0,0,0.2073218037154678
1014,1015,1015,d30c09705f48c161d3a9e5efeb137dd919907efda71e91f7457a1177531458cf,1,0,0,0.18730605475304427
1015,1016,1016,36ef84ea39323f491e3bb21475464b9d3da7df200d4412c1945bb19f9cfeeda7,1,1,1,0.9984561647223146
9,10,10,ba76646a6cd8bac9a3915000fd01b2c6f72767317e7a127d3c76c2a3528e15cf,2,0,0,0.2640904514291512
17,18,18,97c28d190215d11fe23f3d9daeb08b08876a6ba9a0b50b9f20e083c3dfdf063d,2,1,1,0.8416148007669361
21,22,22,7fa477610afc161c8c6896002d27de9519656c1dc1e45ca94e675e67d6b62df4,2,0,1,0.8847267083389677
26,27,27,d2f6d8bfdc925926b52b4aae864f595549c5c2af935859f00fa441a2540b23a2,2,0,0,0.05341213528317374
42,43,43,120c066e96fbf896a39fd17defc80d0d3914bd808fdfa0bb021e353ed8901859,2,1,0,0.43895877752722023
44,45,45,ba76646a6cd8bac9a3915000fd01b2c6f72767317e7a127d3c76c2a3528e15cf,2,0,0,0.2640904514291512
47,48,48,3019eb9e1e2b3b50d39f08ab776beb802ed15d5fc99de6ec9091db4070eb02d5,2,1,1,0.5349329805697698
68,69,69,6fb7211a460e94d8a2ff0054bee1425482bcef1ce7adf232fa5758f42ba5b121,2,0,0,0.04836661598179607
72,73,73,1b5f089a7c6d6cbe4752e5a0476366179819182b598d80d7ff25d6a34fc0111f,2,0,0,0.012586206454202421
78,79,79,e730d621d57973dddae599c97a7d6066b1465945227bfcd5e8eb81b50c9b32f8,2,0,0,0.003791984019322524
88,89,89,74d43fe49e4de4a3e8536759ef6eecd48658b73769dc6d3bfaba40e1fa2d20ef,2,0,0,0.41458540397075644
90,91,91,1b06c566472cb1ec33bf7e37c86c2cb32d5247e2d414507bc5a2d80facf48cfd,2,0,0,0.007522943441660159
93,94,94,e730d621d57973dddae599c97a7d6066b1465945227bfcd5e8eb81b50c9b32f8,2,0,0,0.003791984019322524
96,97,97,dd2800b0ea96c66364f3306ccd1a5ab6ea03c8388eca414925b643e74a6cb5ac,2,1,0,0.35019151530489995
102,103,103,699503624a9726f122bd002cf2c31e5d52f3e9d52378c9e39980205edf8e3cb8,2,1,1,0.817315035463848
116,117,117,d2f6d8bfdc925926b52b4aae864f595549c5c2af935859f00fa441a2540b23a2,2,0,0,0.05341213528317374
118,119,119,74b17ea90d77b212c11109d27b9d3b9be35581a0cc2764adf81eb89a1ff7aabe,2,0,0,0.013400419996873804
120,121,121,37a5ca2f4a45de7fab333b84741ad58cc9f825d41d59b1164bce5f6f8ff371dc,2,1,1,0.9587569600545194
123,124,124,9af78ef35e19aad8c614167387840ddc427d6ba06741bbc5ed79b11923844b40,2,0,0,0.00025769834695133073
133,134,134,3019eb9e1e2b3b50d39f08ab776beb802ed15d5fc99de6ec9091db4070eb02d5,2,1,1,0.5349329805697698
136,137,137,129187a6d1989b8cc9b57e85dc4d9895800f53b4ae4701f45a08e325b2376b74,2,0,0,0.0066380019135215355
146,147,147,61378bf2c4a1c06a1e183a872365216e3b2b8f60f7caf2e2ec42580ad3ed365f,2,0,0,0.014664076742376395
154,155,155,120c066e96fbf896a39fd17defc80d0d3914bd808fdfa0bb021e353ed8901859,2,1,0,0.43895877752722023
158,159,159,120c066e96fbf896a39fd17defc80d0d3914bd808fdfa0bb021e353ed8901859,2,1,0,0.43895877752722023
160,161,161,3a9042a29b3fdd27f4ee67ed178246094baf68a7233571b46398b0ecc1016bed,2,1,1,0.98820154012542
167,168,168,1b13de9667a1c75c937b869c9712b13162197cb3cecd6a46d0a43d83cc10c822,2,0,0,0.0047038459845603195
172,173,173,9e38f577755af30ef9073f9811650f8b5e27d31fa538abb028c7257b5938854a,2,0,0,0.03223282768916612
173,174,174,1c7f4c143bea5753cfffa7db6bc57e8ef8757cfb6ad73cc78c2a324f18bbf8d5,2,1,1,0.9686821425409124
177,178,178,9e38f577755af30ef9073f9811650f8b5e27d31fa538abb028c7257b5938854a,2,0,0,0.03223282768916612
181,182,182,e730d621d57973dddae599c97a7d6066b1465945227bfcd5e8eb81b50c9b32f8,2,0,0,0.003791984019322524
183,184,184,f571f0cd4c431f4b48997a331dd42b1029a286f870eb5192eb628a62b4db0f30,2,0,0,0.0016751772190686449
184,185,185,0360d1fe51073754b3d7e916e181429845ca593d2283b305477af36399e10e0a,2,1,1,0.9890278407907972
187,188,188,61378bf2c4a1c06a1e183a872365216e3b2b8f60f7caf2e2ec42580ad3ed365f,2,0,0,0.014664076742376395
191,192,192,7b4cb154cd8c96042bc5aa6fbfaa724dc9d8e687f6b7683bd7ad946a959c57c3,2,1,1,0.9944358262812207
192,193,193,789ca93868a1160ef0149b26f44f6db86d70b66095514fabd8e42fc41e0fd745,2,1,1,0.7078631496379734
195,196,196,b638ab645482db4e738d7d3eb39bd66b3f32590e2de9c2fe379d9e510078ac26,2,0,0,0.0029637145912122216
208,209,209,7b4cb154cd8c96042bc5aa6fbfaa724dc9d8e687f6b7683bd7ad946a959c57c3,2,1,1,0.9944358262812207
218,219,219,3a9042a29b3fdd27f4ee67ed178246094baf68a7233571b46398b0ecc1016bed,2,1,1,0.98820154012542
226,227,227,7f6eb87a7a0f0e7c7a774f4a858d04d3733168da28f6b25ac8cc3f36a4d9791f,2,1,1,0.7972510514645761
244,245,245,7fa477610afc161c8c6896002d27de9519656c1dc1e45ca94e675e67d6b62df4,2,0,1,0.8847267083389677
245,246,246,5c0b540b637e788c8fc043df421a9c0558a171671432a84b540cbe2534cc5ad0,2,1,1,0.9270536953915018
250,251,251,0360d1fe51073754b3d7e916e181429845ca593d2283b305477af36399e10e0a,2,1,1,0.9890278407907972
255,256,256,f8d7191c33cd66e4036928b32a526d0e7092e626e266655498b2fb7fa268b982,2,0,0,0.029138881087215067
256,257,257,57406ef4552f43df3583eb064c14d18ff05a35a479c162a4facf5417fa6aacb1,2,1,1,0.5365342710073933
259,260,260,757cb6c1021bfb2d04e492afa47e4ca576c7bdb0f2e1634ede080ae8788c08dd,2,0,1,0.5043243551939856
262,263,263,7f6eb87a7a0f0e7c7a774f4a858d04d3733168da28f6b25ac8cc3f36a4d9791f,2,1,1,0.7972510514645761
265,266,266,129187a6d1989b8cc9b57e85dc4d9895800f53b4ae4701f45a08e325b2376b74,2,0,0,0.0066380019135215355
272,273,273,c55a7e160850b5600d39fdf91e2748ce9a6052c5453da5253e012c334394a10f,2,1,1,0.8327059112428792
276,277,277,9e38f577755af30ef9073f9811650f8b5e27d31fa538abb028c7257b5938854a,2,0,0,0.03223282768916612
304,305,305,9af78ef35e19aad8c614167387840ddc427d6ba06741bbc5ed79b11923844b40,2,0,0,0.00025769834695133073
305,306,306,bc01e9feb2ba2f4c340bc6785a4e3b676a96f1532ea05cc4a644d35d872b0762,2,1,1,0.9765994992591718
306,307,307,0dee614e6d81244540b4166c994f0559c9efce5766765c3e78fcdf5e9c7b7e3f,2,0,0,0.000580255877377424
321,322,322,cd30b545269c64e3a3a5898d73ac2d127104626770f16dddc903ebcb82750600,2,1,1,0.638720288616263
337,338,338,699503624a9726f122bd002cf2c31e5d52f3e9d52378c9e39980205edf8e3cb8,2,1,1,0.817315035463848
345,346,346,3a9042a29b3fdd27f4ee67ed178246094baf68a7233571b46398b0ecc1016bed,2,1,1,0.98820154012542
349,350,350,ae8873c61d6232fd878a5a241d1017471f0aebad3c70e67f6a80dea02d16c8e8,2,0,0,0.003046246580332484
354,355,355,cf47d8d0b7538dc2494a4bd2ff50962532ffa8063831c87277198fc7856d1113,2,1,0,0.27393767156703364
356,357,357,76188df7212d02fe6400921583c3af92cec04bccde92adf10fbff387728c06bb,2,1,0,0.35173963081313103
358,359,359,b638ab645482db4e738d7d3eb39bd66b3f32590e2de9c2fe379d9e510078ac26,2,0,0,0.0029637145912122216
370,371,371,7d8da25e9ce0d659ef0e6ddc790d98e5843871183b13d257985c8192be9c299b,2,1,1,0.9912981016953872
385,386,386,b8e349b1ba6e3b96024138700a9f65e0b547880c5d961e044b3b1316973d8a13,2,0,0,0.0724706641892969
386,387,387,7d8da25e9ce0d659ef0e6ddc790d98e5843871183b13d257985c8192be9c299b,2,1,1,0.9912981016953872
393,394,394,7d8da25e9ce0d659ef0e6ddc790d98e5843871183b13d257985c8192be9c299b,2,1,1,0.9912981016953872
398,399,399,61378bf2c4a1c06a1e183a872365216e3b2b8f60f7caf2e2ec42580ad3ed365f,2,0,0,0.014664076742376395
405,406,406,1b5f089a7c6d6cbe4752e5a0476366179819182b598d80d7ff25d6a34fc0111f,2,0,0,0.012586206454202421
409,410,410,76188df7212d02fe6400921583c3af92cec04bccde92adf10fbff387728c06bb,2,1,0,0.35173963081313103
429,430,430,ae8873c61d6232fd878a5a241d1017471f0aebad3c70e67f6a80dea02d16c8e8,2,0,0,0.003046246580332484
437,438,438,74d43fe49e4de4a3e8536759ef6eecd48658b73769dc6d3bfaba40e1fa2d20ef,2,0,0,0.41458540397075644
442,443,443,f571f0cd4c431f4b48997a331dd42b1029a286f870eb5192eb628a62b4db0f30,2,0,0,0.0016751772190686449
452,453,453,0548dc97d6bdab333330eded8112df676bd49389532fe8b0d4aa3410887c1912,2,1,1,0.9428145992587327
454,455,455,0548dc97d6bdab333330eded8112df676bd49389532fe8b0d4aa3410887c1912,2,1,1,0.9428145992587327
470,471,471,b638ab645482db4e738d7d3eb39bd66b3f32590e2de9c2fe379d9e510078ac26,2,0,0,0.0029637145912122216
474,475,475,d30faafdfabaf1b0603ee349f3994cc850fb9581abb48b270769113a399439cc,2,1,1,0.8508581427838382
476,477,477,699503624a9726f122bd002cf2c31e5d52f3e9d52378c9e39980205edf8e3cb8,2,1,1,0.817315035463848
495,496,496,5c0b540b637e788c8fc043df421a9c0558a171671432a84b540cbe2534cc5ad0,2,1,1,0.9270536953915018
512,513,513,74b17ea90d77b212c11109d27b9d3b9be35581a0cc2764adf81eb89a1ff7aabe,2,0,0,0.013400419996873804
539,540,540,ba76646a6cd8bac9a3915000fd01b2c6f72767317e7a127d3c76c2a3528e15cf,2,0,0,0.2640904514291512
543,544,544,57406ef4552f43df3583eb064c14d18ff05a35a479c162a4facf5417fa6aacb1,2,1,1,0.5365342710073933
565,566,566,1b13de9667a1c75c937b869c9712b13162197cb3cecd6a46d0a43d83cc10c822,2,0,0,0.0047038459845603195
568,569,569,d30faafdfabaf1b0603ee349f3994cc850fb9581abb48b270769113a399439cc,2,1,1,0.8508581427838382
572,573,573,9af78ef35e19aad8c614167387840ddc427d6ba06741bbc5ed79b11923844b40,2,0,0,0.00025769834695133073
579,580,580,57406ef4552f43df3583eb064c14d18ff05a35a479c162a4facf5417fa6aacb1,2,1,1,0.5365342710073933
583,584,584,2a0f4f605cfcdc52d443d5510c0f07f62dadd3e503b339ea5a801c5c9abd5321,2,1,1,0.9686153801518709
584,585,585,74b17ea90d77b212c11109d27b9d3b9be35581a0cc2764adf81eb89a1ff7aabe,2,0,0,0.013400419996873804
589,590,590,d2f6d8bfdc925926b52b4aae864f595549c5c2af935859f00fa441a2540b23a2,2,0,0,0.05341213528317374
608,609,609,6fb7211a460e94d8a2ff0054bee1425482bcef1ce7adf232fa5758f42ba5b121,2,0,0,0.04836661598179607
612,613,613,cacd13fa97e54082499001d9a2fe3123d5447ae19ec99d1b4ab914b5b40f3620,2,0,0,0.006736478067150194
613,614,614,129187a6d1989b8cc9b57e85dc4d9895800f53b4ae4701f45a08e325b2376b74,2,0,0,0.0066380019135215355
617,618,618,b0ec63e8037dab55904515a603da26c078d8e189ca3edff62640790278ee3e01,2,1,1,0.6577764976544886
628,629,629,757cb6c1021bfb2d04e492afa47e4ca576c7bdb0f2e1634ede080ae8788c08dd,2,0,1,0.5043243551939856
636,637,637,cd30b545269c64e3a3a5898d73ac2d127104626770f16dddc903ebcb82750600,2,1,1,0.638720288616263
637,638,638,74d43fe49e4de4a3e8536759ef6eecd48658b73769dc6d3bfaba40e1fa2d20ef,2,0,0,0.41458540397075644
641,642,642,76188df7212d02fe6400921583c3af92cec04bccde92adf10fbff387728c06bb,2,1,0,0.35173963081313103
651,652,652,0dee614e6d81244540b4166c994f0559c9efce5766765c3e78fcdf5e9c7b7e3f,2,0,0,0.000580255877377424
652,653,653,3a9042a29b3fdd27f4ee67ed178246094baf68a7233571b46398b0ecc1016bed,2,1,1,0.98820154012542
653,654,654,b56e85f3c7bed8b1bda063f6031ee521ee982cf9f767cb14c5091aaf64bffeab,2,1,1,0.9895528097273084
654,655,655,9e38f577755af30ef9073f9811650f8b5e27d31fa538abb028c7257b5938854a,2,0,0,0.03223282768916612
665,666,666,b56e85f3c7bed8b1bda063f6031ee521ee982cf9f767cb14c5091aaf64bffeab,2,1,1,0.9895528097273084
674,675,675,120c066e96fbf896a39fd17defc80d0d3914bd808fdfa0bb021e353ed8901859,2,1,0,0.43895877752722023
681,682,682,37a5ca2f4a45de7fab333b84741ad58cc9f825d41d59b1164bce5f6f8ff371dc,2,1,1,0.9587569600545194
684,685,685,74b17ea90d77b212c11109d27b9d3b9be35581a0cc2764adf81eb89a1ff7aabe,2,0,0,0.013400419996873804
685,686,686,7fa477610afc161c8c6896002d27de9519656c1dc1e45ca94e675e67d6b62df4,2,0,1,0.8847267083389677
696,697,697,b8e349b1ba6e3b96024138700a9f65e0b547880c5d961e044b3b1316973d8a13,2,0,0,0.0724706641892969
700,701,701,b8e349b1ba6e3b96024138700a9f65e0b547880c5d961e044b3b1316973d8a13,2,0,0,0.0724706641892969
701,702,702,d30faafdfabaf1b0603ee349f3994cc850fb9581abb48b270769113a399439cc,2,1,1,0.8508581427838382
702,703,703,f8d7191c33cd66e4036928b32a526d0e7092e626e266655498b2fb7fa268b982,2,0,0,0.029138881087215067
704,705,705,cf47d8d0b7538dc2494a4bd2ff50962532ffa8063831c87277198fc7856d1113,2,1,0,0.27393767156703364
709,710,710,60cfc9ffcb5c94cd7a137909b9ae5d39e77d0510aafc957c78fed02cdcb5a264,2,1,1,0.9980205592514426
711,712,712,789ca93868a1160ef0149b26f44f6db86d70b66095514fabd8e42fc41e0fd745,2,1,1,0.7078631496379734
712,713,713,f8d7191c33cd66e4036928b32a526d0e7092e626e266655498b2fb7fa268b982,2,0,0,0.029138881087215067
714,715,715,b56e85f3c7bed8b1bda063f6031ee521ee982cf9f767cb14c5091aaf64bffeab,2,1,1,0.9895528097273084
717,718,718,cacd13fa97e54082499001d9a2fe3123d5447ae19ec99d1b4ab914b5b40f3620,2,0,0,0.006736478067150194
728,729,729,789ca93868a1160ef0149b26f44f6db86d70b66095514fabd8e42fc41e0fd745,2,1,1,0.7078631496379734
751,752,752,2a0f4f605cfcdc52d443d5510c0f07f62dadd3e503b339ea5a801c5c9abd5321,2,1,1,0.9686153801518709
763,764,764,789ca93868a1160ef0149b26f44f6db86d70b66095514fabd8e42fc41e0fd745,2,1,1,0.7078631496379734
765,766,766,e730d621d57973dddae599c97a7d6066b1465945227bfcd5e8eb81b50c9b32f8,2,0,0,0.003791984019322524
768,769,769,1b06c566472cb1ec33bf7e37c86c2cb32d5247e2d414507bc5a2d80facf48cfd,2,0,0,0.007522943441660159
771,772,772,3019eb9e1e2b3b50d39f08ab776beb802ed15d5fc99de6ec9091db4070eb02d5,2,1,1,0.5349329805697698
772,773,773,dd2800b0ea96c66364f3306ccd1a5ab6ea03c8388eca414925b643e74a6cb5ac,2,1,0,0.35019151530489995
777,778,778,d2f6d8bfdc925926b52b4aae864f595549c5c2af935859f00fa441a2540b23a2,2,0,0,0.05341213528317374
784,785,785,1c7f4c143bea5753cfffa7db6bc57e8ef8757cfb6ad73cc78c2a324f18bbf8d5,2,1,1,0.9686821425409124
785,786,786,7f6eb87a7a0f0e7c7a774f4a858d04d3733168da28f6b25ac8cc3f36a4d9791f,2,1,1,0.7972510514645761
793,794,794,1b06c566472cb1ec33bf7e37c86c2cb32d5247e2d414507bc5a2d80facf48cfd,2,0,0,0.007522943441660159
794,795,795,60cfc9ffcb5c94cd7a137909b9ae5d39e77d0510aafc957c78fed02cdcb5a264,2,1,1,0.9980205592514426
797,798,798,3019eb9e1e2b3b50d39f08ab776beb802ed15d5fc99de6ec9091db4070eb02d5,2,1,1,0.5349329805697698
800,801,801,b0ec63e8037dab55904515a603da26c078d8e189ca3edff62640790278ee3e01,2,1,1,0.6577764976544886
811,812,812,61378bf2c4a1c06a1e183a872365216e3b2b8f60f7caf2e2ec42580ad3ed365f,2,0,0,0.014664076742376395
820,821,821,129187a6d1989b8cc9b57e85dc4d9895800f53b4ae4701f45a08e325b2376b74,2,0,0,0.0066380019135215355
821,822,822,1b5f089a7c6d6cbe4752e5a0476366179819182b598d80d7ff25d6a34fc0111f,2,0,0,0.012586206454202421
827,828,828,0360d1fe51073754b3d7e916e181429845ca593d2283b305477af36399e10e0a,2,1,1,0.9890278407907972
835,836,836,6fb7211a460e94d8a2ff0054bee1425482bcef1ce7adf232fa5758f42ba5b121,2,0,0,0.04836661598179607
845,846,846,f571f0cd4c431f4b48997a331dd42b1029a286f870eb5192eb628a62b4db0f30,2,0,0,0.0016751772190686449
846,847,847,1b13de9667a1c75c937b869c9712b13162197cb3cecd6a46d0a43d83cc10c822,2,0,0,0.0047038459845603195
858,859,859,b0ec63e8037dab55904515a603da26c078d8e189ca3edff62640790278ee3e01,2,1,1,0.6577764976544886
867,868,868,7b4cb154cd8c96042bc5aa6fbfaa724dc9d8e687f6b7683bd7ad946a959c57c3,2,1,1,0.9944358262812207
869,870,870,1c7f4c143bea5753cfffa7db6bc57e8ef8757cfb6ad73cc78c2a324f18bbf8d5,2,1,1,0.9686821425409124
877,878,878,1b5f089a7c6d6cbe4752e5a0476366179819182b598d80d7ff25d6a34fc0111f,2,0,0,0.012586206454202421
888,889,889,cf47d8d0b7538dc2494a4bd2ff50962532ffa8063831c87277198fc7856d1113,2,1,0,0.27393767156703364
891,892,892,cacd13fa97e54082499001d9a2fe3123d5447ae19ec99d1b4ab914b5b40f3620,2,0,0,0.006736478067150194
905,906,906,2a0f4f605cfcdc52d443d5510c0f07f62dadd3e503b339ea5a801c5c9abd5321,2,1,1,0.9686153801518709
909,910,910,0dee614e6d81244540b4166c994f0559c9efce5766765c3e78fcdf5e9c7b7e3f,2,0,0,0.000580255877377424
913,914,914,f8d7191c33cd66e4036928b32a526d0e7092e626e266655498b2fb7fa268b982,2,0,0,0.029138881087215067
916,917,917,ba76646a6cd8bac9a3915000fd01b2c6f72767317e7a127d3c76c2a3528e15cf,2,0,0,0.2640904514291512
920,921,921,757cb6c1021bfb2d04e492afa47e4ca576c7bdb0f2e1634ede080ae8788c08dd,2,0,1,0.5043243551939856
923,924,924,c55a7e160850b5600d39fdf91e2748ce9a6052c5453da5253e012c334394a10f,2,1,1,0.8327059112428792
933,934,934,97c28d190215d11fe23f3d9daeb08b08876a6ba9a0b50b9f20e083c3dfdf063d,2,1,1,0.8416148007669361
934,935,935,757cb6c1021bfb2d04e492afa47e4ca576c7bdb0f2e1634ede080ae8788c08dd,2,0,1,0.5043243551939856
935,936,936,0360d1fe51073754b3d7e916e181429845ca593d2283b305477af36399e10e0a,2,1,1,0.9890278407907972
936,937,937,1c7f4c143bea5753cfffa7db6bc57e8ef8757cfb6ad73cc78c2a324f18bbf8d5,2,1,1,0.9686821425409124
940,941,941,0548dc97d6bdab333330eded8112df676bd49389532fe8b0d4aa3410887c1912,2,1,1,0.9428145992587327
942,943,943,bc01e9feb2ba2f4c340bc6785a4e3b676a96f1532ea05cc4a644d35d872b0762,2,1,1,0.9765994992591718
951,952,952,b638ab645482db4e738d7d3eb39bd66b3f32590e2de9c2fe379d9e510078ac26,2,0,0,0.0029637145912122216
954,955,955,dd2800b0ea96c66364f3306ccd1a5ab6ea03c8388eca414925b643e74a6cb5ac,2,1,0,0.35019151530489995
955,956,956,cd30b545269c64e3a3a5898d73ac2d127104626770f16dddc903ebcb82750600,2,1,1,0.638720288616263
961,962,962,bc01e9feb2ba2f4c340bc6785a4e3b676a96f1532ea05cc4a644d35d872b0762,2,1,1,0.9765994992591718
968,969,969,60cfc9ffcb5c94cd7a137909b9ae5d39e77d0510aafc957c78fed02cdcb5a264,2,1,1,0.9980205592514426
974,975,975,5c0b540b637e788c8fc043df421a9c0558a171671432a84b540cbe2534cc5ad0,2,1,1,0.9270536953915018
989,990,990,f571f0cd4c431f4b48997a331dd42b1029a286f870eb5192eb628a62b4db0f30,2,0,0,0.0016751772190686449
994,995,995,ae8873c61d6232fd878a5a241d1017471f0aebad3c70e67f6a80dea02d16c8e8,2,0,0,0.003046246580332484
996,997,997,c55a7e160850b5600d39fdf91e2748ce9a6052c5453da5253e012c334394a10f,2,1,1,0.8327059112428792
999,1000,1000,6fb7211a460e94d8a2ff0054bee1425482bcef1ce7adf232fa5758f42ba5b121,2,0,0,0.04836661598179607
1005,1006,1006,97c28d190215d11fe23f3d9daeb08b08876a6ba9a0b50b9f20e083c3dfdf063d,2,1,1,0.8416148007669361
1006,1007,1007,cacd13fa97e54082499001d9a2fe3123d5447ae19ec99d1b4ab914b5b40f3620,2,0,0,0.006736478067150194
1009,1010,1010,37a5ca2f4a45de7fab333b84741ad58cc9f825d41d59b1164bce5f6f8ff371dc,2,1,1,0.9587569600545194
11,12,12,066522f7a92b25978c09d7c8f84df1d54215614115225febfce2e971becee109,3,1,1,0.9222629546407667
13,14,14,ce6c68d3a1dbbc1ae9570521fb65beccfea82c109ae978f1d8156ea50eeec3c9,3,1,1,0.9957400585152071
15,16,16,c81d1ba7569fbf0299d326ae4b6ce4b00fb82dcde7b7ad70ec772faf9904f555,3,0,0,0.3541681027494108
16,17,17,ce6c68d3a1dbbc1ae9570521fb65beccfea82c109ae978f1d8156ea50eeec3c9,3,1,1,0.9957400585152071
20,21,21,74263a0590c0f5edcafddc6cf3bb13930ed7c8a19ce7c02afbdf8049227b5a24,3,1,1,0.9887318648436919
22,23,23,f99c9fde728ed0f8a12d0956907d6fef9f90c3e8772e33f88d418df81e50de3a,3,1,1,0.7154560745301851
34,35,35,5c2b48acf547b55cf9c87fa708c9357aa01caa36724f2c43da32b8023347319e,3,0,0,0.020039720603408865
38,39,39,6b6195468415ac0d72b7ab37b44c6583abf461c24d10c1bc6548e3d5a83bba6f,3,1,1,0.8473000161629031
46,47,47,12da9bc52d27e6191d4e5541a326452567b4d5dee368ffd05c10e6dadefc757e,3,1,1,0.9008071396834185
57,58,58,7571ee92bbc9fe16a5ad1579363ef8649ab489f854db348d7d9c4c1e7efc75e9,3,1,1,0.7109722282153424
59,60,60,8f55318caaf3927568c5480202057f4c3b39b0a86cf41a6db167fdc77ab9fe39,3,0,1,0.6865522748956754
64,65,65,b9be251a4fda0f81d816d42257c61aaced7bedf8dc314ba8934eb4c24378f9eb,3,1,1,0.9814786645116822
81,82,82,849ae80134bf91e463f2f63b372716e308875ff01244b9d8bee2aba9c5eb9f41,3,0,0,0.36989339717304137
86,87,87,81bd778b049e7b92197bbaf720877992dbb11553313d9ab43f1528ac1616745d,3,1,1,0.985687733522571
87,88,88,74263a0590c0f5edcafddc6cf3bb13930ed7c8a19ce7c02afbdf8049227b5a24,3,1,1,0.9887318648436919
89,90,90,9d1210a366042f16f58716a0b2aa2b5521cdf17b75a645c3a5f9a2a3f009892e,3,0,0,0.08760384298676382
92,93,93,ce64b99dd7879fab4a416b2b107278957d097722e511c122dcfacffba1d6aa7c,3,1,1,0.9861733101061573
103,104,104,01b2d02e21c70f7adceafe2a74bb7d81a2fd07bf8680e73a3454ba24b0f75e7e,3,1,1,0.9042785578310087
106,107,107,7aca4477c2989c14361a39ad10723de9580751a6b47f57474f7978ed10fd5f78,3,0,0,0.02164384255384446
114,115,115,e6a79fde0b768ebd318484a3a32160e6da306eb998fdbc5cb94c76b53b8d0497,3,0,0,0.003881790983683885
121,122,122,01b2d02e21c70f7adceafe2a74bb7d81a2fd07bf8680e73a3454ba24b0f75e7e,3,1,1,0.9042785578310087
125,126,126,8fce5508f36278d370665df53df181a14de66990b95b69e77e69ef7487b21b0b,3,0,0,0.003361709072928222
135,136,136,01b2d02e21c70f7adceafe2a74bb7d81a2fd07bf8680e73a3454ba24b0f75e7e,3,1,1,0.9042785578310087
143,144,144,7d1a0d7b51fc1ca79344034ee06dac9db61da107e30bb307a34cbf260c4c303e,3,0,0,0.27748826439493735
148,149,149,178a78be273c187af69c4c36804102052b935fcffe2c0a83f38d884e6432c23e,3,0,1,0.56308242262839
150,151,151,cc0fc219a020bff908f6e6eb7bbec747dd8a68c3d92461f4ccf417b985254a0d,3,1,1,0.9744542766062185
156,157,157,01b2d02e21c70f7adceafe2a74bb7d81a2fd07bf8680e73a3454ba24b0f75e7e,3,1,1,0.9042785578310087
162,163,163,bf48fb6cbf53057d3b546db601b53563f5b011ddcc2268b459f693500a06ab7a,3,1,1,0.9517477980003151
164,165,165,1d51ec110e8e21b17cc0b4768ea24be1f7374646eb4f366556bceb09cb733e19,3,0,0,0.16705310701255566
190,191,191,5a826db633bc4287d736ccab62222f706dd6bae2431d9e023c4519c2dbf74dbf,3,0,0,0.46285819247842186
196,197,197,b9be251a4fda0f81d816d42257c61aaced7bedf8dc314ba8934eb4c24378f9eb,3,1,1,0.9814786645116822
199,200,200,f0ad337c1acc1781789c6091d8003ba7a56eff910eb6a35154877cc1b87e6e4e,3,1,1,0.9903236650017408
201,202,202,ce64b99dd7879fab4a416b2b107278957d097722e511c122dcfacffba1d6aa7c,3,1,1,0.9861733101061573
221,222,222,620cc12069aca5ccf15c41fba13c7c8c9222ee69785e8bf549d69a2c43c490b4,3,0,1,0.8340898929204006
232,233,233,2e962eaae036270df658e4a4408980b6924f8f3ae4e353de90879894c10eeffa,3,1,1,0.9842930612789842
235,236,236,524e62aa99d66a1475c941c30fcc40cbc63c9ac4f02a66c2797f0af0e68cec0c,3,1,1,0.969661400846792
242,243,243,8f55318caaf3927568c5480202057f4c3b39b0a86cf41a6db167fdc77ab9fe39,3,0,1,0.6865522748956754
246,247,247,06af32be1fea11cafb8a39d95c9a43fc43ed522f2c1e3b737c37648a2f736f40,3,1,1,0.9715434455874687
251,252,252,7aca4477c2989c14361a39ad10723de9580751a6b47f57474f7978ed10fd5f78,3,0,0,0.02164384255384446
257,258,258,58575998326d6f39bc9f021302255ed4cb8e71ba926847810c3c6107062b2305,3,1,1,0.9495755745443152
269,270,270,4cf48cafc68ff8e922d89b0238322bfcf427064a08f1ce306dfb7b1039209bc1,3,0,0,0.09727203629161402
270,271,271,2bc8c2b9337b71f266f35585dc762c806965b51c582af7c8c5a0e47aeeccef54,3,1,1,0.9759023091719901
275,276,276,cc5f448a32badd8210c0774fd170aa0efc4f7b9f1c5c4115cf660017252ec109,3,1,0,0.24922656177166905
278,279,279,06af32be1fea11cafb8a39d95c9a43fc43ed522f2c1e3b737c37648a2f736f40,3,1,1,0.9715434455874687
281,282,282,9c97fd04daf2e276f6870c8a09bc4f169510ecfb6b4efe771802e002cccd35e2,3,1,1,0.9621743539300166
285,286,286,4cf48cafc68ff8e922d89b0238322bfcf427064a08f1ce306dfb7b1039209bc1,3,0,0,0.09727203629161402
286,287,287,2bc8c2b9337b71f266f35585dc762c806965b51c582af7c8c5a0e47aeeccef54,3,1,1,0.9759023091719901
294,295,295,b9be251a4fda0f81d816d42257c61aaced7bedf8dc314ba8934eb4c24378f9eb,3,1,1,0.9814786645116822
308,309,309,81bd778b049e7b92197bbaf720877992dbb11553313d9ab43f1528ac1616745d,3,1,1,0.985687733522571
311,312,312,8fce5508f36278d370665df53df181a14de66990b95b69e77e69ef7487b21b0b,3,0,0,0.003361709072928222
313,314,314,5c2b48acf547b55cf9c87fa708c9357aa01caa36724f2c43da32b8023347319e,3,0,0,0.020039720603408865
322,323,323,b0a89e4436a57c29cab621c76e7efd3b37c13e43cea5fadd38336b1c5ebddbe4,3,1,1,0.9962625942504815
324,325,325,e116e341f7f5f6dab22df090e03a21a207341fd36dffd8ce4b5450b87d6ad22c,3,0,0,0.10094060802114423
346,347,347,e116e341f7f5f6dab22df090e03a21a207341fd36dffd8ce4b5450b87d6ad22c,3,0,0,0.10094060802114423
350,351,351,c6e2d067bd47a9ef04baca30f3b47d6f4fab6b04fdb6fba2f4e35f574be7676b,3,0,0,0.40185542952850845
353,354,354,e6a79fde0b768ebd318484a3a32160e6da306eb998fdbc5cb94c76b53b8d0497,3,0,0,0.003881790983683885
357,358,358,389c4502d032aa2f0cc33a502e4200ba50509572bf9baab03efec659d0a94ac3,3,0,0,0.004295098826467271
365,366,366,620cc12069aca5ccf15c41fba13c7c8c9222ee69785e8bf549d69a2c43c490b4,3,0,1,0.8340898929204006
367,368,368,fb2158de6ed4e9a39d3bd3ad86365c118ca6951ca9356fce9ef06d503737df06,3,0,0,0.1858558350687918
376,377,377,cc5f448a32badd8210c0774fd170aa0efc4f7b9f1c5c4115cf660017252ec109,3,1,0,0.24922656177166905
382,383,383,4cf48cafc68ff8e922d89b0238322bfcf427064a08f1ce306dfb7b1039209bc1,3,0,0,0.09727203629161402
390,391,391,5c2e15695af92e59f03182c6a247d293720c0302b43330da5f3e2863d21df14c,3,1,1,0.9201413033234578
399,400,400,cc5f448a32badd8210c0774fd170aa0efc4f7b9f1c5c4115cf660017252ec109,3,1,0,0.24922656177166905
400,401,401,5c2e15695af92e59f03182c6a247d293720c0302b43330da5f3e2863d21df14c,3,1,1,0.9201413033234578
402,403,403,066522f7a92b25978c09d7c8f84df1d54215614115225febfce2e971becee109,3,1,1,0.9222629546407667
407,408,408,74263a0590c0f5edcafddc6cf3bb13930ed7c8a19ce7c02afbdf8049227b5a24,3,1,1,0.9887318648436919
419,420,420,ce64b99dd7879fab4a416b2b107278957d097722e511c122dcfacffba1d6aa7c,3,1,1,0.9861733101061573
422,423,423,63e4dfbbed757f4cc8618922654099706bf26d68fe2c1b8829540bde762c8c3a,3,1,1,0.7467411636088312
428,429,429,fd4f03a8e8f290d765c4275316ba719436b925169c2001d5c071a33cfd866652,3,1,1,0.9878961595101609
431,432,432,8f55318caaf3927568c5480202057f4c3b39b0a86cf41a6db167fdc77ab9fe39,3,0,1,0.6865522748956754
433,434,434,f0ad337c1acc1781789c6091d8003ba7a56eff910eb6a35154877cc1b87e6e4e,3,1,1,0.9903236650017408
444,445,445,fd4f03a8e8f290d765c4275316ba719436b925169c2001d5c071a33cfd866652,3,1,1,0.9878961595101609
467,468,468,06af32be1fea11cafb8a39d95c9a43fc43ed522f2c1e3b737c37648a2f736f40,3,1,1,0.9715434455874687
468,469,469,7aca4477c2989c14361a39ad10723de9580751a6b47f57474f7978ed10fd5f78,3,0,0,0.02164384255384446
479,480,480,cc0fc219a020bff908f6e6eb7bbec747dd8a68c3d92461f4ccf417b985254a0d,3,1,1,0.9744542766062185
480,481,481,1e299b803253cc89e2fb28de7e05884e01e4232409eb32444eb4ffbd20786704,3,0,0,0.0021059159070860724
487,488,488,178a78be273c187af69c4c36804102052b935fcffe2c0a83f38d884e6432c23e,3,0,1,0.56308242262839
492,493,493,fd4f03a8e8f290d765c4275316ba719436b925169c2001d5c071a33cfd866652,3,1,1,0.9878961595101609
493,494,494,5a826db633bc4287d736ccab62222f706dd6bae2431d9e023c4519c2dbf74dbf,3,0,0,0.46285819247842186
501,502,502,066522f7a92b25978c09d7c8f84df1d54215614115225febfce2e971becee109,3,1,1,0.9222629546407667
502,503,503,58575998326d6f39bc9f021302255ed4cb8e71ba926847810c3c6107062b2305,3,1,1,0.9495755745443152
504,505,505,9c97fd04daf2e276f6870c8a09bc4f169510ecfb6b4efe771802e002cccd35e2,3,1,1,0.9621743539300166
507,508,508,8fce5508f36278d370665df53df181a14de66990b95b69e77e69ef7487b21b0b,3,0,0,0.003361709072928222
515,516,516,81bd778b049e7b92197bbaf720877992dbb11553313d9ab43f1528ac1616745d,3,1,1,0.985687733522571
525,526,526,fb2158de6ed4e9a39d3bd3ad86365c118ca6951ca9356fce9ef06d503737df06,3,0,0,0.1858558350687918
528,529,529,ce64b99dd7879fab4a416b2b107278957d097722e511c122dcfacffba1d6aa7c,3,1,1,0.9861733101061573
548,549,549,f99c9fde728ed0f8a12d0956907d6fef9f90c3e8772e33f88d418df81e50de3a,3,1,1,0.7154560745301851
587,588,588,5a826db633bc4287d736ccab62222f706dd6bae2431d9e023c4519c2dbf74dbf,3,0,0,0.46285819247842186
588,589,589,389c4502d032aa2f0cc33a502e4200ba50509572bf9baab03efec659d0a94ac3,3,0,0,0.004295098826467271
593,594,594,5c2b48acf547b55cf9c87fa708c9357aa01caa36724f2c43da32b8023347319e,3,0,0,0.020039720603408865
595,596,596,bfcf790ee767993c70f3c276356be34beba834ec45b2f34e7497be74560a5f79,3,0,0,0.007394764176889195
601,602,602,c6e2d067bd47a9ef04baca30f3b47d6f4fab6b04fdb6fba2f4e35f574be7676b,3,0,0,0.40185542952850845
606,607,607,2bc8c2b9337b71f266f35585dc762c806965b51c582af7c8c5a0e47aeeccef54,3,1,1,0.9759023091719901
609,610,610,bfcf790ee767993c70f3c276356be34beba834ec45b2f34e7497be74560a5f79,3,0,0,0.007394764176889195
624,625,625,7d1a0d7b51fc1ca79344034ee06dac9db61da107e30bb307a34cbf260c4c303e,3,0,0,0.27748826439493735
627,628,628,4cf48cafc68ff8e922d89b0238322bfcf427064a08f1ce306dfb7b1039209bc1,3,0,0,0.09727203629161402
633,634,634,9c97fd04daf2e276f6870c8a09bc4f169510ecfb6b4efe771802e002cccd35e2,3,1,1,0.9621743539300166
649,650,650,066522f7a92b25978c09d7c8f84df1d54215614115225febfce2e971becee109,3,1,1,0.9222629546407667
650,651,651,9c97fd04daf2e276f6870c8a09bc4f169510ecfb6b4efe771802e002cccd35e2,3,1,1,0.9621743539300166
657,658,658,620cc12069aca5ccf15c41fba13c7c8c9222ee69785e8bf549d69a2c43c490b4,3,0,1,0.8340898929204006
659,660,660,5a826db633bc4287d736ccab62222f706dd6bae2431d9e023c4519c2dbf74dbf,3,0,0,0.46285819247842186
660,661,661,6b6195468415ac0d72b7ab37b44c6583abf461c24d10c1bc6548e3d5a83bba6f,3,1,1,0.8473000161629031
670,671,671,e116e341f7f5f6dab22df090e03a21a207341fd36dffd8ce4b5450b87d6ad22c,3,0,0,0.10094060802114423
683,684,684,389c4502d032aa2f0cc33a502e4200ba50509572bf9baab03efec659d0a94ac3,3,0,0,0.004295098826467271
687,688,688,c81d1ba7569fbf0299d326ae4b6ce4b00fb82dcde7b7ad70ec772faf9904f555,3,0,0,0.3541681027494108
698,699,699,8f55318caaf3927568c5480202057f4c3b39b0a86cf41a6db167fdc77ab9fe39,3,0,1,0.6865522748956754
706,707,707,1e299b803253cc89e2fb28de7e05884e01e4232409eb32444eb4ffbd20786704,3,0,0,0.0021059159070860724
724,725,725,3eadcf23d7d34c055b8ed2f17af7bf8e189759c0f48056da258ae29854ea0703,3,1,1,0.9753792173639613
727,728,728,1d51ec110e8e21b17cc0b4768ea24be1f7374646eb4f366556bceb09cb733e19,3,0,0,0.16705310701255566
731,732,732,81bd778b049e7b92197bbaf720877992dbb11553313d9ab43f1528ac1616745d,3,1,1,0.985687733522571
735,736,736,c81d1ba7569fbf0299d326ae4b6ce4b00fb82dcde7b7ad70ec772faf9904f555,3,0,0,0.3541681027494108
740,741,741,8e95953bea6b4979261f7ca3a74a8cb34973c7acff9c3799e2c97e2dea05429a,3,0,0,0.06817271533442011
745,746,746,f0ad337c1acc1781789c6091d8003ba7a56eff910eb6a35154877cc1b87e6e4e,3,1,1,0.9903236650017408
746,747,747,bf48fb6cbf53057d3b546db601b53563f5b011ddcc2268b459f693500a06ab7a,3,1,1,0.9517477980003151
758,759,759,cc5f448a32badd8210c0774fd170aa0efc4f7b9f1c5c4115cf660017252ec109,3,1,0,0.24922656177166905
762,763,763,524e62aa99d66a1475c941c30fcc40cbc63c9ac4f02a66c2797f0af0e68cec0c,3,1,1,0.969661400846792
766,767,767,e6a79fde0b768ebd318484a3a32160e6da306eb998fdbc5cb94c76b53b8d0497,3,0,0,0.003881790983683885
767,768,768,e6a79fde0b768ebd318484a3a32160e6da306eb998fdbc5cb94c76b53b8d0497,3,0,0,0.003881790983683885
770,771,771,2bc8c2b9337b71f266f35585dc762c806965b51c582af7c8c5a0e47aeeccef54,3,1,1,0.9759023091719901
775,776,776,b0a89e4436a57c29cab621c76e7efd3b37c13e43cea5fadd38336b1c5ebddbe4,3,1,1,0.9962625942504815
776,777,777,bf48fb6cbf53057d3b546db601b53563f5b011ddcc2268b459f693500a06ab7a,3,1,1,0.9517477980003151
780,781,781,ce6c68d3a1dbbc1ae9570521fb65beccfea82c109ae978f1d8156ea50eeec3c9,3,1,1,0.9957400585152071
795,796,796,7d1a0d7b51fc1ca79344034ee06dac9db61da107e30bb307a34cbf260c4c303e,3,0,0,0.27748826439493735
802,803,803,5c2e15695af92e59f03182c6a247d293720c0302b43330da5f3e2863d21df14c,3,1,1,0.9201413033234578
813,814,814,9d1210a366042f16f58716a0b2aa2b5521cdf17b75a645c3a5f9a2a3f009892e,3,0,0,0.08760384298676382
822,823,823,9d1210a366042f16f58716a0b2aa2b5521cdf17b75a645c3a5f9a2a3f009892e,3,0,0,0.08760384298676382
831,832,832,bf48fb6cbf53057d3b546db601b53563f5b011ddcc2268b459f693500a06ab7a,3,1,1,0.9517477980003151
842,843,843,58575998326d6f39bc9f021302255ed4cb8e71ba926847810c3c6107062b2305,3,1,1,0.9495755745443152
843,844,844,fb2158de6ed4e9a39d3bd3ad86365c118ca6951ca9356fce9ef06d503737df06,3,0,0,0.1858558350687918
844,845,845,40d1a60b3b046c23fac890cfd6cd24ed7988972f4fd5338af1885872acba6a1d,3,0,1,0.9379689206078843
847,848,848,58575998326d6f39bc9f021302255ed4cb8e71ba926847810c3c6107062b2305,3,1,1,0.9495755745443152
850,851,851,8e95953bea6b4979261f7ca3a74a8cb34973c7acff9c3799e2c97e2dea05429a,3,0,0,0.06817271533442011
853,854,854,8e95953bea6b4979261f7ca3a74a8cb34973c7acff9c3799e2c97e2dea05429a,3,0,0,0.06817271533442011
857,858,858,3eadcf23d7d34c055b8ed2f17af7bf8e189759c0f48056da258ae29854ea0703,3,1,1,0.9753792173639613
859,860,860,3eadcf23d7d34c055b8ed2f17af7bf8e189759c0f48056da258ae29854ea0703,3,1,1,0.9753792173639613
865,866,866,40d1a60b3b046c23fac890cfd6cd24ed7988972f4fd5338af1885872acba6a1d,3,0,1,0.9379689206078843
870,871,871,2e962eaae036270df658e4a4408980b6924f8f3ae4e353de90879894c10eeffa,3,1,1,0.9842930612789842
871,872,872,b0a89e4436a57c29cab621c76e7efd3b37c13e43cea5fadd38336b1c5ebddbe4,3,1,1,0.9962625942504815
872,873,873,cc0fc219a020bff908f6e6eb7bbec747dd8a68c3d92461f4ccf417b985254a0d,3,1,1,0.9744542766062185
875,876,876,40d1a60b3b046c23fac890cfd6cd24ed7988972f4fd5338af1885872acba6a1d,3,0,1,0.9379689206078843
880,881,881,6b6195468415ac0d72b7ab37b44c6583abf461c24d10c1bc6548e3d5a83bba6f,3,1,1,0.8473000161629031
884,885,885,1d51ec110e8e21b17cc0b4768ea24be1f7374646eb4f366556bceb09cb733e19,3,0,0,0.16705310701255566
887,888,888,8fce5508f36278d370665df53df181a14de66990b95b69e77e69ef7487b21b0b,3,0,0,0.003361709072928222
894,895,895,c81d1ba7569fbf0299d326ae4b6ce4b00fb82dcde7b7ad70ec772faf9904f555,3,0,0,0.3541681027494108
896,897,897,c6e2d067bd47a9ef04baca30f3b47d6f4fab6b04fdb6fba2f4e35f574be7676b,3,0,0,0.40185542952850845
899,900,900,63e4dfbbed757f4cc8618922654099706bf26d68fe2c1b8829540bde762c8c3a,3,1,1,0.7467411636088312
901,902,902,7d1a0d7b51fc1ca79344034ee06dac9db61da107e30bb307a34cbf260c4c303e,3,0,0,0.27748826439493735
902,903,903,63e4dfbbed757f4cc8618922654099706bf26d68fe2c1b8829540bde762c8c3a,3,1,1,0.7467411636088312
903,904,904,9d1210a366042f16f58716a0b2aa2b5521cdf17b75a645c3a5f9a2a3f009892e,3,0,0,0.08760384298676382
907,908,908,12da9bc52d27e6191d4e5541a326452567b4d5dee368ffd05c10e6dadefc757e,3,1,1,0.9008071396834185
911,912,912,849ae80134bf91e463f2f63b372716e308875ff01244b9d8bee2aba9c5eb9f41,3,0,0,0.36989339717304137
946,947,947,7571ee92bbc9fe16a5ad1579363ef8649ab489f854db348d7d9c4c1e7efc75e9,3,1,1,0.7109722282153424
952,953,953,c6e2d067bd47a9ef04baca30f3b47d6f4fab6b04fdb6fba2f4e35f574be7676b,3,0,0,0.40185542952850845
957,958,958,524e62aa99d66a1475c941c30fcc40cbc63c9ac4f02a66c2797f0af0e68cec0c,3,1,1,0.969661400846792
958,959,959,849ae80134bf91e463f2f63b372716e308875ff01244b9d8bee2aba9c5eb9f41,3,0,0,0.36989339717304137
983,984,984,f99c9fde728ed0f8a12d0956907d6fef9f90c3e8772e33f88d418df81e50de3a,3,1,1,0.7154560745301851
991,992,992,2e962eaae036270df658e4a4408980b6924f8f3ae4e353de90879894c10eeffa,3,1,1,0.9842930612789842
1001,1002,1002,bfcf790ee767993c70f3c276356be34beba834ec45b2f34e7497be74560a5f79,3,0,0,0.007394764176889195
1002,1003,1003,12da9bc52d27e6191d4e5541a326452567b4d5dee368ffd05c10e6dadefc757e,3,1,1,0.9008071396834185
1007,1008,1008,74263a0590c0f5edcafddc6cf3bb13930ed7c8a19ce7c02afbdf8049227b5a24,3,1,1,0.9887318648436919
1008,1009,1009,7571ee92bbc9fe16a5ad1579363ef8649ab489f854db348d7d9c4c1e7efc75e9,3,1,1,0.7109722282153424
1016,1017,1017,1e299b803253cc89e2fb28de7e05884e01e4232409eb32444eb4ffbd20786704,3,0,0,0.0021059159070860724
1019,1020,1020,178a78be273c187af69c4c36804102052b935fcffe2c0a83f38d884e6432c23e,3,0,1,0.56308242262839
1023,1024,1024,7aca4477c2989c14361a39ad10723de9580751a6b47f57474f7978ed10fd5f78,3,0,0,0.02164384255384446
4,5,5,eccf1293fca65adfe383732981fadacced2c99c1eebaf28a15371204a6c92270,4,0,0,0.1614285742265283
6,7,7,a53941766e6dcccf9c9394bc28d736edcd6812cbea84f16179abd03b796f5ec7,4,1,1,0.8901181142628767
12,13,13,13de85647cb767115b90dc11946b4b68b3bf0df758589903b501a619b2b3b417,4,0,0,0.018766370335262933
19,20,20,e5c9900a36e1da52f16efd8fac68ba4cfecaa06c48f4a537af4ce62dc3acba63,4,1,1,0.9965664170527528
24,25,25,5a8d0043ad2df8d0f0c35b9d158a0b31ea8a63eb6f595c3f4a094660e70d4d0e,4,1,1,0.9985419683776593
25,26,26,e7e2449f4432e1c84b59cf7c038eccdaf3bc03994089a00dfd9cc30a019ab68f,4,1,1,0.9940687492510892
31,32,32,37017d97f2466972966c94e197ae3183b56c0eb6189f48ecbd798c6eae203126,4,0,1,0.7963591639223039
32,33,33,e5c9900a36e1da52f16efd8fac68ba4cfecaa06c48f4a537af4ce62dc3acba63,4,1,1,0.9965664170527528
41,42,42,18d067330a032de550678dd02a4fc7def157655810459143f2a382dd21323a18,4,1,1,0.9899114231750746
43,44,44,f8d73caef322ee691205b1cd0841423e1f53618a514645cb0634a72d8435aced,4,0,1,0.9842247309812832
61,62,62,c9e7a1e3f5a720441980d54da64da6cc0704873f1611a6b7cf0be975f47747ec,4,1,1,0.9706970116838859
65,66,66,c9e7a1e3f5a720441980d54da64da6cc0704873f1611a6b7cf0be975f47747ec,4,1,1,0.9706970116838859
67,68,68,fedd5c70bb3c8a11fb43b60060935c094a31d5805eb1ed2fd15017ab9da91375,4,1,1,0.9846655469699871
70,71,71,3f021ab13bdcb8ae0e4820708ce8a75ac7d4ecd086ca3b3547275e9243e707ad,4,0,0,0.007652357781733923
74,75,75,df1d3b0f2248abab4fb12f8f9aa0bb8eb0474bc47842db922dee0baa5ec6bda1,4,0,0,0.07984752507314723
77,78,78,bba988a9d26ced6565527b09086c7aade67ef16213a33a6278b2ef3625373529,4,1,1,0.7661185686226081
79,80,80,1b1129ef327d069f1a34c42adb437deff3a6d17d68517228c77f803183c892ff,4,1,1,0.807443291204255
80,81,81,1b1129ef327d069f1a34c42adb437deff3a6d17d68517228c77f803183c892ff,4,1,1,0.807443291204255
94,95,95,37017d97f2466972966c94e197ae3183b56c0eb6189f48ecbd798c6eae203126,4,0,1,0.7963591639223039
98,99,99,244d0e39518c8f541b6b8258b6e7cb298cd85acc70e95a648bf50b83332af195,4,0,0,0.00024458946227083687
99,100,100,3fca6ad2af45e994867f0dc386a2e508f5ff6c0c16f41b5125089e51cf3be39e,4,0,0,0.3801651492928461
101,102,102,f16247d803620af74eeb494a3c09ac3e6acfdd0bf5a4af592731805fbed20719,4,1,1,0.9921213059880059
109,110,110,8b21c94eb86b1d9ba890e1cc38f18e999802fac53b4631c1731ee9107badae28,4,0,1,0.5340203478839586
117,118,118,cd9c8c6bc18516e3a9ac3fb1d6afa604d44229e73613770a4784f65ebb57b974,4,0,0,0.010286502166795363
119,120,120,c9e7a1e3f5a720441980d54da64da6cc0704873f1611a6b7cf0be975f47747ec,4,1,1,0.9706970116838859
122,123,123,37017d97f2466972966c94e197ae3183b56c0eb6189f48ecbd798c6eae203126,4,0,1,0.7963591639223039
128,129,129,fedd5c70bb3c8a11fb43b60060935c094a31d5805eb1ed2fd15017ab9da91375,4,1,1,0.9846655469699871
129,130,130,1f83652fe17ea9ae57a330edf0e9cf8dd7680eda44b67707befa1bb75a531e0e,4,1,1,0.9321759436275556
138,139,139,1f5d179ce8e88b673dbee865916763858299c3e0dc63bb5c513c0b35cf6a46e1,4,1,1,0.8832659930462197
141,142,142,70fe8d752064d32a25fd5dfd2f306c301d8439811ba23cdb3194d3e25fb5a50e,4,0,0,0.0007170037527084454
149,150,150,82a99de9fbb442105521d932e584019f8b8d46ace4ca08841c9711ef096cd4c5,4,1,1,0.6227675532855285
180,181,181,8bb6305f62d0bcddd0bb27c82749e15f638e7fa04f1fd7cff8afe59356dc2cf8,4,0,0,0.0007837577299350974
189,190,190,cd9c8c6bc18516e3a9ac3fb1d6afa604d44229e73613770a4784f65ebb57b974,4,0,0,0.010286502166795363
198,199,199,ec4d12033a1fd07b320e7d4cd8d5b4ee80c604728b96360e714545dfc9024b5b,4,1,1,0.9531776183408834
203,204,204,82a99de9fbb442105521d932e584019f8b8d46ace4ca08841c9711ef096cd4c5,4,1,1,0.6227675532855285
222,223,223,cd9c8c6bc18516e3a9ac3fb1d6afa604d44229e73613770a4784f65ebb57b974,4,0,0,0.010286502166795363
233,234,234,c9e81c70995e4af02e24d4f22730abed6a955fc8aa4489391dcce8a780049d0c,4,0,0,0.0017691140047899662
238,239,239,6b91d8af6046bb1b3bd4201ff0769b39a44b8575601f6844e89f4fbd8fa89d28,4,0,1,0.8852555236999298
258,259,259,1f5d179ce8e88b673dbee865916763858299c3e0dc63bb5c513c0b35cf6a46e1,4,1,1,0.8832659930462197
261,262,262,6a38a3aa130a38b6a6c9e4b293719c34f4ab16da218a8f81551d06e721cd67c9,4,1,1,0.9956592730159028
263,264,264,1eea40f77e57121da4b599eeb72ab1c5dd4b625c0ec1482606ace2528d3c07c8,4,1,1,0.9576429549114459
267,268,268,244d0e39518c8f541b6b8258b6e7cb298cd85acc70e95a648bf50b83332af195,4,0,0,0.00024458946227083687
268,269,269,096b6ed78faef05c313ad9d51bcfad2e71cd63037cd77d8c7a591f2b5c7e6610,4,0,1,0.5487797120617033
271,272,272,c250cae60f244a16c2021f894c8325ca55e383e549055689d646fa3830107b01,4,1,1,0.7846942373518292
280,281,281,f4120adf75eab3565048aed3d1a7c55680beb59934877654a7db7c346038efb2,4,1,1,0.9772225677978555
290,291,291,8b21c94eb86b1d9ba890e1cc38f18e999802fac53b4631c1731ee9107badae28,4,0,1,0.5340203478839586
291,292,292,1f83652fe17ea9ae57a330edf0e9cf8dd7680eda44b67707befa1bb75a531e0e,4,1,1,0.9321759436275556
297,298,298,096b6ed78faef05c313ad9d51bcfad2e71cd63037cd77d8c7a591f2b5c7e6610,4,0,1,0.5487797120617033
298,299,299,495cc9be552f134bbd4f0e2c0176d48dba754b3dc99c138e97ae8f1fcf0edcb1,4,0,0,0.058416307686064296
318,319,319,5a8d0043ad2df8d0f0c35b9d158a0b31ea8a63eb6f595c3f4a094660e70d4d0e,4,1,1,0.9985419683776593
319,320,320,df1d3b0f2248abab4fb12f8f9aa0bb8eb0474bc47842db922dee0baa5ec6bda1,4,0,0,0.07984752507314723
323,324,324,6a8f170690918ae06c3ba2785b52b7ef0f41ec47d10d22255e8fce9fcab1a500,4,0,0,0.0004444430677816275
336,337,337,495cc9be552f134bbd4f0e2c0176d48dba754b3dc99c138e97ae8f1fcf0edcb1,4,0,0,0.058416307686064296
342,343,343,6a38a3aa130a38b6a6c9e4b293719c34f4ab16da218a8f81551d06e721cd67c9,4,1,1,0.9956592730159028
343,344,344,0e456da1d5cf3ab7c2f5989ea69e0b08ec37617973a3f31b353534f530abe725,4,1,1,0.9971206646896531
344,345,345,fe294f19347477153461441681326d163ce2d6aeea6650f20536e917b90285e4,4,1,1,0.8364751238521151
355,356,356,6b91d8af6046bb1b3bd4201ff0769b39a44b8575601f6844e89f4fbd8fa89d28,4,0,1,0.8852555236999298
361,362,362,1eea40f77e57121da4b599eeb72ab1c5dd4b625c0ec1482606ace2528d3c07c8,4,1,1,0.9576429549114459
363,364,364,f16247d803620af74eeb494a3c09ac3e6acfdd0bf5a4af592731805fbed20719,4,1,1,0.9921213059880059
371,372,372,13de85647cb767115b90dc11946b4b68b3bf0df758589903b501a619b2b3b417,4,0,0,0.018766370335262933
375,376,376,096712ed40df97b119e2b1b3fe93efaac6885a8d6d0c0dcbca66350b83dfcb42,4,1,1,0.9806264001178975
377,378,378,8f4533f48e184729d8435c4595ac02b2a74540885869b0ab9fa1686400f47b38,4,1,1,0.9723779023993951
379,380,380,096b6ed78faef05c313ad9d51bcfad2e71cd63037cd77d8c7a591f2b5c7e6610,4,0,1,0.5487797120617033
384,385,385,495cc9be552f134bbd4f0e2c0176d48dba754b3dc99c138e97ae8f1fcf0edcb1,4,0,0,0.058416307686064296
387,388,388,e7e2449f4432e1c84b59cf7c038eccdaf3bc03994089a00dfd9cc30a019ab68f,4,1,1,0.9940687492510892
394,395,395,3f021ab13bdcb8ae0e4820708ce8a75ac7d4ecd086ca3b3547275e9243e707ad,4,0,0,0.007652357781733923
411,412,412,f4120adf75eab3565048aed3d1a7c55680beb59934877654a7db7c346038efb2,4,1,1,0.9772225677978555
418,419,419,1f83652fe17ea9ae57a330edf0e9cf8dd7680eda44b67707befa1bb75a531e0e,4,1,1,0.9321759436275556
420,421,421,18d067330a032de550678dd02a4fc7def157655810459143f2a382dd21323a18,4,1,1,0.9899114231750746
425,426,426,6a8f170690918ae06c3ba2785b52b7ef0f41ec47d10d22255e8fce9fcab1a500,4,0,0,0.0004444430677816275
426,427,427,9df599a55e176e2bbd02f26573cddff6595c9e7dd473c30d09b2caba5734fd7e,4,0,0,0.15924416592240445
432,433,433,601e3a14e6bc701b040f7d9ae9cb1a6352a91cb827c681d07cc462fda59b4afb,4,0,0,0.005439924501615921
443,444,444,70fe8d752064d32a25fd5dfd2f306c301d8439811ba23cdb3194d3e25fb5a50e,4,0,0,0.0007170037527084454
455,456,456,601e3a14e6bc701b040f7d9ae9cb1a6352a91cb827c681d07cc462fda59b4afb,4,0,0,0.005439924501615921
461,462,462,45864539a04450af431cb2a1048352fbcf3a2acc5fe2ce0bf92ec05650925d99,4,0,0,0.02227500553096876
462,463,463,bba988a9d26ced6565527b09086c7aade67ef16213a33a6278b2ef3625373529,4,1,1,0.7661185686226081
464,465,465,c250cae60f244a16c2021f894c8325ca55e383e549055689d646fa3830107b01,4,1,1,0.7846942373518292
481,482,482,9df599a55e176e2bbd02f26573cddff6595c9e7dd473c30d09b2caba5734fd7e,4,0,0,0.15924416592240445
485,486,486,3fca6ad2af45e994867f0dc386a2e508f5ff6c0c16f41b5125089e51cf3be39e,4,0,0,0.3801651492928461
500,501,501,096712ed40df97b119e2b1b3fe93efaac6885a8d6d0c0dcbca66350b83dfcb42,4,1,1,0.9806264001178975
503,504,504,096712ed40df97b119e2b1b3fe93efaac6885a8d6d0c0dcbca66350b83dfcb42,4,1,1,0.9806264001178975
518,519,519,f4120adf75eab3565048aed3d1a7c55680beb59934877654a7db7c346038efb2,4,1,1,0.9772225677978555
520,521,521,eccf1293fca65adfe383732981fadacced2c99c1eebaf28a15371204a6c92270,4,0,0,0.1614285742265283
521,522,522,df1d3b0f2248abab4fb12f8f9aa0bb8eb0474bc47842db922dee0baa5ec6bda1,4,0,0,0.07984752507314723
524,525,525,eccf1293fca65adfe383732981fadacced2c99c1eebaf28a15371204a6c92270,4,0,0,0.1614285742265283
527,528,528,3f021ab13bdcb8ae0e4820708ce8a75ac7d4ecd086ca3b3547275e9243e707ad,4,0,0,0.007652357781733923
532,533,533,0e456da1d5cf3ab7c2f5989ea69e0b08ec37617973a3f31b353534f530abe725,4,1,1,0.9971206646896531
551,552,552,45864539a04450af431cb2a1048352fbcf3a2acc5fe2ce0bf92ec05650925d99,4,0,0,0.02227500553096876
553,554,554,13de85647cb767115b90dc11946b4b68b3bf0df758589903b501a619b2b3b417,4,0,0,0.018766370335262933
554,555,555,fedd5c70bb3c8a11fb43b60060935c094a31d5805eb1ed2fd15017ab9da91375,4,1,1,0.9846655469699871
557,558,558,df1d3b0f2248abab4fb12f8f9aa0bb8eb0474bc47842db922dee0baa5ec6bda1,4,0,0,0.07984752507314723
558,559,559,1eea40f77e57121da4b599eeb72ab1c5dd4b625c0ec1482606ace2528d3c07c8,4,1,1,0.9576429549114459
560,561,561,096b6ed78faef05c313ad9d51bcfad2e71cd63037cd77d8c7a591f2b5c7e6610,4,0,1,0.5487797120617033
562,563,563,0e456da1d5cf3ab7c2f5989ea69e0b08ec37617973a3f31b353534f530abe725,4,1,1,0.9971206646896531
563,564,564,e7e2449f4432e1c84b59cf7c038eccdaf3bc03994089a00dfd9cc30a019ab68f,4,1,1,0.9940687492510892
575,576,576,c9e81c70995e4af02e24d4f22730abed6a955fc8aa4489391dcce8a780049d0c,4,0,0,0.0017691140047899662
577,578,578,82a99de9fbb442105521d932e584019f8b8d46ace4ca08841c9711ef096cd4c5,4,1,1,0.6227675532855285
596,597,597,eccf1293fca65adfe383732981fadacced2c99c1eebaf28a15371204a6c92270,4,0,0,0.1614285742265283
597,598,598,8f4533f48e184729d8435c4595ac02b2a74540885869b0ab9fa1686400f47b38,4,1,1,0.9723779023993951
607,608,608,67e5760b4b1bccb2009c20987d67ecc249d595658f687eec06f65db3961584f4,4,0,0,0.3651526998669701
611,612,612,13de85647cb767115b90dc11946b4b68b3bf0df758589903b501a619b2b3b417,4,0,0,0.018766370335262933
615,616,616,9df599a55e176e2bbd02f26573cddff6595c9e7dd473c30d09b2caba5734fd7e,4,0,0,0.15924416592240445
620,621,621,3fca6ad2af45e994867f0dc386a2e508f5ff6c0c16f41b5125089e51cf3be39e,4,0,0,0.3801651492928461
621,622,622,70fe8d752064d32a25fd5dfd2f306c301d8439811ba23cdb3194d3e25fb5a50e,4,0,0,0.0007170037527084454
626,627,627,45864539a04450af431cb2a1048352fbcf3a2acc5fe2ce0bf92ec05650925d99,4,0,0,0.02227500553096876
629,630,630,a2d6b1026a6c54283042a0c2e17042ed5fee4e3c557032ee77311dfdcd5d57c4,4,1,1,0.9118193544786175
630,631,631,5d503dfda1b6df014e460b7ebc2313c1bc47cac4dbf8a6a18c64572da948473c,4,0,1,0.5810036680419747
639,640,640,5d503dfda1b6df014e460b7ebc2313c1bc47cac4dbf8a6a18c64572da948473c,4,0,1,0.5810036680419747
642,643,643,8bb6305f62d0bcddd0bb27c82749e15f638e7fa04f1fd7cff8afe59356dc2cf8,4,0,0,0.0007837577299350974
644,645,645,4675cfa0fe6893f320e02a6e53a1f9881f02d616ab5f415c1435da962130c064,4,1,1,0.839136643313173
645,646,646,6a38a3aa130a38b6a6c9e4b293719c34f4ab16da218a8f81551d06e721cd67c9,4,1,1,0.9956592730159028
664,665,665,a53941766e6dcccf9c9394bc28d736edcd6812cbea84f16179abd03b796f5ec7,4,1,1,0.8901181142628767
668,669,669,6b91d8af6046bb1b3bd4201ff0769b39a44b8575601f6844e89f4fbd8fa89d28,4,0,1,0.8852555236999298
669,670,670,c9e7a1e3f5a720441980d54da64da6cc0704873f1611a6b7cf0be975f47747ec,4,1,1,0.9706970116838859
671,672,672,f8d73caef322ee691205b1cd0841423e1f53618a514645cb0634a72d8435aced,4,0,1,0.9842247309812832
678,679,679,cd9c8c6bc18516e3a9ac3fb1d6afa604d44229e73613770a4784f65ebb57b974,4,0,0,0.010286502166795363
692,693,693,ba85fb6d106acb39ff22d1dbb67a3fb66ce2c770958f25f7b065812d2b77fa04,4,1,1,0.9378544470812473
699,700,700,67e5760b4b1bccb2009c20987d67ecc249d595658f687eec06f65db3961584f4,4,0,0,0.3651526998669701
719,720,720,ba85fb6d106acb39ff22d1dbb67a3fb66ce2c770958f25f7b065812d2b77fa04,4,1,1,0.9378544470812473
720,721,721,7e73ac069893cc840847f82526f598463993b1530846863e38db58b64bb001d3,4,1,0,0.08899051448549633
722,723,723,ec4d12033a1fd07b320e7d4cd8d5b4ee80c604728b96360e714545dfc9024b5b,4,1,1,0.9531776183408834
730,731,731,ba85fb6d106acb39ff22d1dbb67a3fb66ce2c770958f25f7b065812d2b77fa04,4,1,1,0.9378544470812473
749,750,750,6a38a3aa130a38b6a6c9e4b293719c34f4ab16da218a8f81551d06e721cd67c9,4,1,1,0.9956592730159028
752,753,753,18d067330a032de550678dd02a4fc7def157655810459143f2a382dd21323a18,4,1,1,0.9899114231750746
754,755,755,4675cfa0fe6893f320e02a6e53a1f9881f02d616ab5f415c1435da962130c064,4,1,1,0.839136643313173
756,757,757,bba988a9d26ced6565527b09086c7aade67ef16213a33a6278b2ef3625373529,4,1,1,0.7661185686226081
760,761,761,f8d73caef322ee691205b1cd0841423e1f53618a514645cb0634a72d8435aced,4,0,1,0.9842247309812832
774,775,775,601e3a14e6bc701b040f7d9ae9cb1a6352a91cb827c681d07cc462fda59b4afb,4,0,0,0.005439924501615921
778,779,779,244d0e39518c8f541b6b8258b6e7cb298cd85acc70e95a648bf50b83332af195,4,0,0,0.00024458946227083687
781,782,782,37017d97f2466972966c94e197ae3183b56c0eb6189f48ecbd798c6eae203126,4,0,1,0.7963591639223039
798,799,799,601e3a14e6bc701b040f7d9ae9cb1a6352a91cb827c681d07cc462fda59b4afb,4,0,0,0.005439924501615921
812,813,813,6b91d8af6046bb1b3bd4201ff0769b39a44b8575601f6844e89f4fbd8fa89d28,4,0,1,0.8852555236999298
818,819,819,ec4d12033a1fd07b320e7d4cd8d5b4ee80c604728b96360e714545dfc9024b5b,4,1,1,0.9531776183408834
826,827,827,5a8d0043ad2df8d0f0c35b9d158a0b31ea8a63eb6f595c3f4a094660e70d4d0e,4,1,1,0.9985419683776593
838,839,839,fe294f19347477153461441681326d163ce2d6aeea6650f20536e917b90285e4,4,1,1,0.8364751238521151
855,856,856,5d503dfda1b6df014e460b7ebc2313c1bc47cac4dbf8a6a18c64572da948473c,4,0,1,0.5810036680419747
878,879,879,f16247d803620af74eeb494a3c09ac3e6acfdd0bf5a4af592731805fbed20719,4,1,1,0.9921213059880059
892,893,893,1f5d179ce8e88b673dbee865916763858299c3e0dc63bb5c513c0b35cf6a46e1,4,1,1,0.8832659930462197
898,899,899,1b1129ef327d069f1a34c42adb437deff3a6d17d68517228c77f803183c892ff,4,1,1,0.807443291204255
908,909,909,e5c9900a36e1da52f16efd8fac68ba4cfecaa06c48f4a537af4ce62dc3acba63,4,1,1,0.9965664170527528
915,916,916,67e5760b4b1bccb2009c20987d67ecc249d595658f687eec06f65db3961584f4,4,0,0,0.3651526998669701
925,926,926,f8d73caef322ee691205b1cd0841423e1f53618a514645cb0634a72d8435aced,4,0,1,0.9842247309812832
932,933,933,8b21c94eb86b1d9ba890e1cc38f18e999802fac53b4631c1731ee9107badae28,4,0,1,0.5340203478839586
943,944,944,a2d6b1026a6c54283042a0c2e17042ed5fee4e3c557032ee77311dfdcd5d57c4,4,1,1,0.9118193544786175
944,945,945,4675cfa0fe6893f320e02a6e53a1f9881f02d616ab5f415c1435da962130c064,4,1,1,0.839136643313173
960,961,961,a2d6b1026a6c54283042a0c2e17042ed5fee4e3c557032ee77311dfdcd5d57c4,4,1,1,0.9118193544786175
962,963,963,a53941766e6dcccf9c9394bc28d736edcd6812cbea84f16179abd03b796f5ec7,4,1,1,0.8901181142628767
963,964,964,7e73ac069893cc840847f82526f598463993b1530846863e38db58b64bb001d3,4,1,0,0.08899051448549633
972,973,973,fe294f19347477153461441681326d163ce2d6aeea6650f20536e917b90285e4,4,1,1,0.8364751238521151
975,976,976,c250cae60f244a16c2021f894c8325ca55e383e549055689d646fa3830107b01,4,1,1,0.7846942373518292
980,981,981,6a8f170690918ae06c3ba2785b52b7ef0f41ec47d10d22255e8fce9fcab1a500,4,0,0,0.0004444430677816275
997,998,998,8bb6305f62d0bcddd0bb27c82749e15f638e7fa04f1fd7cff8afe59356dc2cf8,4,0,0,0.0007837577299350974
1003,1004,1004,67e5760b4b1bccb2009c20987d67ecc249d595658f687eec06f65db3961584f4,4,0,0,0.3651526998669701
1004,1005,1005,7e73ac069893cc840847f82526f598463993b1530846863e38db58b64bb001d3,4,1,0,0.08899051448549633
1010,1011,1011,8b21c94eb86b1d9ba890e1cc38f18e999802fac53b4631c1731ee9107badae28,4,0,1,0.5340203478839586
1017,1018,1018,5d503dfda1b6df014e460b7ebc2313c1bc47cac4dbf8a6a18c64572da948473c,4,0,1,0.5810036680419747
1018,1019,1019,244d0e39518c8f541b6b8258b6e7cb298cd85acc70e95a648bf50b83332af195,4,0,0,0.00024458946227083687
1021,1022,1022,8f4533f48e184729d8435c4595ac02b2a74540885869b0ab9fa1686400f47b38,4,1,1,0.9723779023993951
1022,1023,1023,c9e81c70995e4af02e24d4f22730abed6a955fc8aa4489391dcce8a780049d0c,4,0,0,0.0017691140047899662
5,6,6,2d917aba2e1c80aafcc9567b5ad199c26af38d88bde9e0c72f0a9c4501401d25,5,0,0,0.43285788505001216
14,15,15,ee76e98271c98fdbfe03307181269b985dad709fc0b0f2364647f21b0ed372e5,5,0,0,0.00027380772788667226
18,19,19,7183b17b4592fa23b00888e29295f19259bce28fcbde332655aa64db1ec677f4,5,0,0,0.00033632860234866373
28,29,29,10cb202b1229270efda6de3f5cac0cf57a41e4f051b04330f96cbf00c11a67b9,5,0,1,0.911362222154395
30,31,31,8ee78b19a7462aeeefa87f284e9d20a8e7725e541e71f365c6cc9b749185256c,5,0,0,0.024478021068444655
37,38,38,f0914630bcb4501011c61f0fdca100f2ed1871b0dc37e8c1efe4ad782fc5ea18,5,1,0,0.32352067439157434
49,50,50,aca412568c2d3e84423ec48b4c259f0bf59e7f24c2b6a548305164a462fb8367,5,1,1,0.5704642040212097
51,52,52,061ba64092eac5bd44c6cacbaea2462c1e8b466f74244a7b2c13c2ba19e131c7,5,1,1,0.9975801327441497
54,55,55,6ca52788d8dbc2bdc178275f032f7b8c01fa68075e0850b9c5448161951786a9,5,0,0,0.17236078859699688
55,56,56,14443b3d24612a35abba78aaa251bff9b49707282094c445ec45fd38b3ffa6f9,5,0,0,0.002089589720985836
56,57,57,14443b3d24612a35abba78aaa251bff9b49707282094c445ec45fd38b3ffa6f9,5,0,0,0.002089589720985836
62,63,63,aca412568c2d3e84423ec48b4c259f0bf59e7f24c2b6a548305164a462fb8367,5,1,1,0.5704642040212097
66,67,67,647869556e35bc8fdc67c14d538ff75f1c52ae89f0ee4c7e078ff50a0db62fa1,5,0,0,0.1391980486922515
71,72,72,f6d853fdc4a1ac5955be7d219c34a8f08a6dacd7e7fccc931028d92e8429651b,5,0,0,0.0005343480856171859
82,83,83,38bce2ff0e22f3df539b55d9d216d260f103d59ddf92db797b5b3d91f45c5871,5,0,1,0.9431890180416301
95,96,96,d599b2196258eba82068373f3df1938a4b520ed6c54955aaa1fa503794b24adc,5,1,1,0.9953120325640409
108,109,109,4429b79f639f96884a81b073d2cca8b658c3155ac7cbd42eb827dc1dc99c016e,5,0,0,0.005794144481895957
111,112,112,77d5789c9dbdb4478c8d61a59fd5db8997e837ff2ce0198a9b25ecaf89baf4a0,5,0,1,0.5993157758645145
130,131,131,6a5facba7060397b41b604e420c7447f305524010379fc44045788411bf8d418,5,1,1,0.6675545266105631
144,145,145,f5955d065e1ad64e6dd7a066e46970faf4570609e889a82677c91847b43ccf51,5,1,1,0.996097975951548
145,146,146,297729bb51295fd7c92c3e11ea44a176fd131ffa59292eb69bf12a5cfb61d7ec,5,1,1,0.9679395719530886
159,160,160,ca34f7df41e00a22d82176837673a1b167f35018f31863a68d987fe94f6044f2,5,1,0,0.15245263879257104
166,167,167,f6d853fdc4a1ac5955be7d219c34a8f08a6dacd7e7fccc931028d92e8429651b,5,0,0,0.0005343480856171859
175,176,176,31fb88da40cc50c6bb2bf5c056385a8acd4a2fdf92ca684f2b333232a08e0bf9,5,0,0,0.001218694263784109
179,180,180,77d5789c9dbdb4478c8d61a59fd5db8997e837ff2ce0198a9b25ecaf89baf4a0,5,0,1,0.5993157758645145
193,194,194,ca34f7df41e00a22d82176837673a1b167f35018f31863a68d987fe94f6044f2,5,1,0,0.15245263879257104
202,203,203,f5955d065e1ad64e6dd7a066e46970faf4570609e889a82677c91847b43ccf51,5,1,1,0.996097975951548
205,206,206,aca412568c2d3e84423ec48b4c259f0bf59e7f24c2b6a548305164a462fb8367,5,1,1,0.5704642040212097
206,207,207,fd7aa2b65fe93a64b53b9c837c3e6c7176d77035cc0eb236a0cf8fff931b588c,5,1,0,0.4658591853233039
210,211,211,4429b79f639f96884a81b073d2cca8b658c3155ac7cbd42eb827dc1dc99c016e,5,0,0,0.005794144481895957
211,212,212,b3468cc6871414e829c8ec8693fde72cae6ad1c8830fc103376427901047c434,5,1,1,0.9349335770317655
213,214,214,b98d3240019a115ee2fccbec1fdf30c890f2e6d5bd029388daa513437e1b5434,5,0,0,0.012619441787679288
227,228,228,38bce2ff0e22f3df539b55d9d216d260f103d59ddf92db797b5b3d91f45c5871,5,0,1,0.9431890180416301
229,230,230,cd365ce7907ad5d04fd47b4d8758d592e29b75c0baeecca5f1cc14bd0d7fc010,5,1,1,0.9984835934602566
237,238,238,38bce2ff0e22f3df539b55d9d216d260f103d59ddf92db797b5b3d91f45c5871,5,0,1,0.9431890180416301
241,242,242,7c1fb69465a7636425be744b6cf9f0a9e0b642b470151730b2223f390f084cb4,5,1,1,0.8955964517222074
282,283,283,b9f19fa8190e5b6f47648f3a9da3f9afc583fd73bdf9c7a0e204c9f9684d4169,5,1,1,0.9939807031576127
288,289,289,677ace1b7f031aa18f4cef63c87a9fbecdc05d0153ba697168eb3c812d79bb19,5,1,1,0.6382304952027353
289,290,290,f4b13e3f04b63170894bf22d8fc9562675ee2f2cb9a0d1cb95ffa9ee0ca6cab1,5,1,1,0.9977678992049077
299,300,300,b9f19fa8190e5b6f47648f3a9da3f9afc583fd73bdf9c7a0e204c9f9684d4169,5,1,1,0.9939807031576127
316,317,317,fd7aa2b65fe93a64b53b9c837c3e6c7176d77035cc0eb236a0cf8fff931b588c,5,1,0,0.4658591853233039
328,329,329,88787e52c8e73fece635b59741e5064a29ff0d0e1509c3e5d51543b5ec5ba88a,5,0,0,0.002263685808369628
332,333,333,6722a9945781794c423b108d03952930f9d754497aa1321848b989b9e89c4f33,5,0,0,0.13836517952598823
333,334,334,b78557ce10197718a152e202e49d54e4f3510e8b930749217564c5db89832954,5,1,1,0.8109415052585034
335,336,336,e267aca2d9fad7b05b3e27e392eea6c3ac2fe229dfe6fba8125edb8ab70fa856,5,0,0,0.0005483765139163053
338,339,339,07c4c4ce98cafa879b533e4f51ab5fd8f20c01d146b13a83e0340860f7edafb2,5,1,0,0.21751673176523312
347,348,348,b98d3240019a115ee2fccbec1fdf30c890f2e6d5bd029388daa513437e1b5434,5,0,0,0.012619441787679288
362,363,363,83ee532a1d29b3a96067a4d54513c801553ec3df64470b689aac366c71d6a042,5,1,0,0.0998044851305034
391,392,392,10cb202b1229270efda6de3f5cac0cf57a41e4f051b04330f96cbf00c11a67b9,5,0,1,0.911362222154395
392,393,393,74711b8929e416b1ddec52d3428bc8e56ccf9d866095c2ee2b38b4de3e2d801d,5,0,1,0.5639362835882779
396,397,397,aca412568c2d3e84423ec48b4c259f0bf59e7f24c2b6a548305164a462fb8367,5,1,1,0.5704642040212097
397,398,398,8fb0b52de49f211acfa3020927c26a1e684640557296a758fc0072e7dac852a6,5,0,0,0.08970326447164025
401,402,402,6ca52788d8dbc2bdc178275f032f7b8c01fa68075e0850b9c5448161951786a9,5,0,0,0.17236078859699688
413,414,414,88787e52c8e73fece635b59741e5064a29ff0d0e1509c3e5d51543b5ec5ba88a,5,0,0,0.002263685808369628
415,416,416,647869556e35bc8fdc67c14d538ff75f1c52ae89f0ee4c7e078ff50a0db62fa1,5,0,0,0.1391980486922515
417,418,418,07c4c4ce98cafa879b533e4f51ab5fd8f20c01d146b13a83e0340860f7edafb2,5,1,0,0.21751673176523312
424,425,425,10cb202b1229270efda6de3f5cac0cf57a41e4f051b04330f96cbf00c11a67b9,5,0,1,0.911362222154395
434,435,435,b78557ce10197718a152e202e49d54e4f3510e8b930749217564c5db89832954,5,1,1,0.8109415052585034
435,436,436,28fd2bbdfb26c8b6021071f28feed6016e0cbd9e1b4ffc55f53e9092e9c13fd1,5,1,1,0.9964964181552742
446,447,447,cd365ce7907ad5d04fd47b4d8758d592e29b75c0baeecca5f1cc14bd0d7fc010,5,1,1,0.9984835934602566
465,466,466,ca34f7df41e00a22d82176837673a1b167f35018f31863a68d987fe94f6044f2,5,1,0,0.15245263879257104
473,474,474,5dfb68eaf3fe08e7b765653dc52a7703f216a93268881875b2f09995326b1393,5,1,1,0.9404443104836567
483,484,484,ee76e98271c98fdbfe03307181269b985dad709fc0b0f2364647f21b0ed372e5,5,0,0,0.00027380772788667226
484,485,485,b9f19fa8190e5b6f47648f3a9da3f9afc583fd73bdf9c7a0e204c9f9684d4169,5,1,1,0.9939807031576127
486,487,487,4429b79f639f96884a81b073d2cca8b658c3155ac7cbd42eb827dc1dc99c016e,5,0,0,0.005794144481895957
489,490,490,7c1fb69465a7636425be744b6cf9f0a9e0b642b470151730b2223f390f084cb4,5,1,1,0.8955964517222074
497,498,498,8fb0b52de49f211acfa3020927c26a1e684640557296a758fc0072e7dac852a6,5,0,0,0.08970326447164025
499,500,500,bacf5f3cb82469f6cb94d07511d9b74ff6031b0f53be437791bb968c96d2923f,5,1,1,0.8402391949272509
510,511,511,8ee78b19a7462aeeefa87f284e9d20a8e7725e541e71f365c6cc9b749185256c,5,0,0,0.024478021068444655
511,512,512,7c1fb69465a7636425be744b6cf9f0a9e0b642b470151730b2223f390f084cb4,5,1,1,0.8955964517222074
516,517,517,6ca52788d8dbc2bdc178275f032f7b8c01fa68075e0850b9c5448161951786a9,5,0,0,0.17236078859699688
517,518,518,e267aca2d9fad7b05b3e27e392eea6c3ac2fe229dfe6fba8125edb8ab70fa856,5,0,0,0.0005483765139163053
519,520,520,6ca52788d8dbc2bdc178275f032f7b8c01fa68075e0850b9c5448161951786a9,5,0,0,0.17236078859699688
523,524,524,cf0437b7443620131ffb1a124fa7407a4169173892a206fd3205c0d8cec68924,5,1,1,0.9206811545210283
529,530,530,dbb17851c899b8708331cfae6bd526f5dd385f9cc94d0bf647c577302afad8ea,5,1,0,0.013211730655156236
531,532,532,d6ae8c98af272bca3058d34fc0e930cbf2dcc32b406602f6d5e2b0b54e0e6565,5,0,0,0.0035953599412783255
542,543,543,ae2d5071351d67263b313982031f450f66d77675bce081949c82bfa759d014be,5,1,1,0.9857875737165234
545,546,546,07c4c4ce98cafa879b533e4f51ab5fd8f20c01d146b13a83e0340860f7edafb2,5,1,0,0.21751673176523312
550,551,551,3f81224d51c07e4952ab66f425301ca48f70330dc9818ab11018078840c774e4,5,1,0,0.21162318533273664
556,557,557,e982aa16188dee201345fa9375c31bce273c55ce71f68abbe66ada568c7a9b63,5,0,0,0.03877950583088561
561,562,562,5dfb68eaf3fe08e7b765653dc52a7703f216a93268881875b2f09995326b1393,5,1,1,0.9404443104836567
570,571,571,b3468cc6871414e829c8ec8693fde72cae6ad1c8830fc103376427901047c434,5,1,1,0.9349335770317655
573,574,574,f5955d065e1ad64e6dd7a066e46970faf4570609e889a82677c91847b43ccf51,5,1,1,0.996097975951548
581,582,582,ea57250f104de3238441dcd3a225f555a2513240855feb6fafd2b23c1fc39aba,5,1,1,0.992244997235608
582,583,583,ae2d5071351d67263b313982031f450f66d77675bce081949c82bfa759d014be,5,1,1,0.9857875737165234
592,593,593,6722a9945781794c423b108d03952930f9d754497aa1321848b989b9e89c4f33,5,0,0,0.13836517952598823
594,595,595,6722a9945781794c423b108d03952930f9d754497aa1321848b989b9e89c4f33,5,0,0,0.13836517952598823
603,604,604,f4b13e3f04b63170894bf22d8fc9562675ee2f2cb9a0d1cb95ffa9ee0ca6cab1,5,1,1,0.9977678992049077
610,611,611,8ee78b19a7462aeeefa87f284e9d20a8e7725e541e71f365c6cc9b749185256c,5,0,0,0.024478021068444655
614,615,615,14443b3d24612a35abba78aaa251bff9b49707282094c445ec45fd38b3ffa6f9,5,0,0,0.002089589720985836
623,624,624,2d917aba2e1c80aafcc9567b5ad199c26af38d88bde9e0c72f0a9c4501401d25,5,0,0,0.43285788505001216
625,626,626,dbb17851c899b8708331cfae6bd526f5dd385f9cc94d0bf647c577302afad8ea,5,1,0,0.013211730655156236
631,632,632,74711b8929e416b1ddec52d3428bc8e56ccf9d866095c2ee2b38b4de3e2d801d,5,0,1,0.5639362835882779
634,635,635,33e6adf80af0df0a39618b9acfc57926cc2019f47aba6970b12cc71b90133528,5,0,0,0.004253519988311813
638,639,639,f4b13e3f04b63170894bf22d8fc9562675ee2f2cb9a0d1cb95ffa9ee0ca6cab1,5,1,1,0.9977678992049077
640,641,641,5dfb68eaf3fe08e7b765653dc52a7703f216a93268881875b2f09995326b1393,5,1,1,0.9404443104836567
646,647,647,b98d3240019a115ee2fccbec1fdf30c890f2e6d5bd029388daa513437e1b5434,5,0,0,0.012619441787679288
661,662,662,33e6adf80af0df0a39618b9acfc57926cc2019f47aba6970b12cc71b90133528,5,0,0,0.004253519988311813
663,664,664,297729bb51295fd7c92c3e11ea44a176fd131ffa59292eb69bf12a5cfb61d7ec,5,1,1,0.9679395719530886
667,668,668,b9f19fa8190e5b6f47648f3a9da3f9afc583fd73bdf9c7a0e204c9f9684d4169,5,1,1,0.9939807031576127
673,674,674,3f81224d51c07e4952ab66f425301ca48f70330dc9818ab11018078840c774e4,5,1,0,0.21162318533273664
679,680,680,28fd2bbdfb26c8b6021071f28feed6016e0cbd9e1b4ffc55f53e9092e9c13fd1,5,1,1,0.9964964181552742
680,681,681,8fb0b52de49f211acfa3020927c26a1e684640557296a758fc0072e7dac852a6,5,0,0,0.08970326447164025
682,683,683,f6d853fdc4a1ac5955be7d219c34a8f08a6dacd7e7fccc931028d92e8429651b,5,0,0,0.0005343480856171859
703,704,704,677ace1b7f031aa18f4cef63c87a9fbecdc05d0153ba697168eb3c812d79bb19,5,1,1,0.6382304952027353
710,711,711,74711b8929e416b1ddec52d3428bc8e56ccf9d866095c2ee2b38b4de3e2d801d,5,0,1,0.5639362835882779
715,716,716,f0914630bcb4501011c61f0fdca100f2ed1871b0dc37e8c1efe4ad782fc5ea18,5,1,0,0.32352067439157434
723,724,724,cf0437b7443620131ffb1a124fa7407a4169173892a206fd3205c0d8cec68924,5,1,1,0.9206811545210283
726,727,727,d6ae8c98af272bca3058d34fc0e930cbf2dcc32b406602f6d5e2b0b54e0e6565,5,0,0,0.0035953599412783255
741,742,742,ae2d5071351d67263b313982031f450f66d77675bce081949c82bfa759d014be,5,1,1,0.9857875737165234
742,743,743,28fd2bbdfb26c8b6021071f28feed6016e0cbd9e1b4ffc55f53e9092e9c13fd1,5,1,1,0.9964964181552742
761,762,762,88787e52c8e73fece635b59741e5064a29ff0d0e1509c3e5d51543b5ec5ba88a,5,0,0,0.002263685808369628
764,765,765,061ba64092eac5bd44c6cacbaea2462c1e8b466f74244a7b2c13c2ba19e131c7,5,1,1,0.9975801327441497
769,770,770,ea57250f104de3238441dcd3a225f555a2513240855feb6fafd2b23c1fc39aba,5,1,1,0.992244997235608
787,788,788,e982aa16188dee201345fa9375c31bce273c55ce71f68abbe66ada568c7a9b63,5,0,0,0.03877950583088561
788,789,789,ee76e98271c98fdbfe03307181269b985dad709fc0b0f2364647f21b0ed372e5,5,0,0,0.00027380772788667226
789,790,790,2d917aba2e1c80aafcc9567b5ad199c26af38d88bde9e0c72f0a9c4501401d25,5,0,0,0.43285788505001216
790,791,791,4429b79f639f96884a81b073d2cca8b658c3155ac7cbd42eb827dc1dc99c016e,5,0,0,0.005794144481895957
791,792,792,31fb88da40cc50c6bb2bf5c056385a8acd4a2fdf92ca684f2b333232a08e0bf9,5,0,0,0.001218694263784109
792,793,793,31fb88da40cc50c6bb2bf5c056385a8acd4a2fdf92ca684f2b333232a08e0bf9,5,0,0,0.001218694263784109
796,797,797,d599b2196258eba82068373f3df1938a4b520ed6c54955aaa1fa503794b24adc,5,1,1,0.9953120325640409
799,800,800,647869556e35bc8fdc67c14d538ff75f1c52ae89f0ee4c7e078ff50a0db62fa1,5,0,0,0.1391980486922515
805,806,806,5dfb68eaf3fe08e7b765653dc52a7703f216a93268881875b2f09995326b1393,5,1,1,0.9404443104836567
807,808,808,88787e52c8e73fece635b59741e5064a29ff0d0e1509c3e5d51543b5ec5ba88a,5,0,0,0.002263685808369628
815,816,816,d599b2196258eba82068373f3df1938a4b520ed6c54955aaa1fa503794b24adc,5,1,1,0.9953120325640409
819,820,820,fd7aa2b65fe93a64b53b9c837c3e6c7176d77035cc0eb236a0cf8fff931b588c,5,1,0,0.4658591853233039
824,825,825,bacf5f3cb82469f6cb94d07511d9b74ff6031b0f53be437791bb968c96d2923f,5,1,1,0.8402391949272509
825,826,826,33e6adf80af0df0a39618b9acfc57926cc2019f47aba6970b12cc71b90133528,5,0,0,0.004253519988311813
830,831,831,7183b17b4592fa23b00888e29295f19259bce28fcbde332655aa64db1ec677f4,5,0,0,0.00033632860234866373
833,834,834,3f81224d51c07e4952ab66f425301ca48f70330dc9818ab11018078840c774e4,5,1,0,0.21162318533273664
834,835,835,14443b3d24612a35abba78aaa251bff9b49707282094c445ec45fd38b3ffa6f9,5,0,0,0.002089589720985836
836,837,837,38bce2ff0e22f3df539b55d9d216d260f103d59ddf92db797b5b3d91f45c5871,5,0,1,0.9431890180416301
839,840,840,f0914630bcb4501011c61f0fdca100f2ed1871b0dc37e8c1efe4ad782fc5ea18,5,1,0,0.32352067439157434
848,849,849,33e6adf80af0df0a39618b9acfc57926cc2019f47aba6970b12cc71b90133528,5,0,0,0.004253519988311813
849,850,850,061ba64092eac5bd44c6cacbaea2462c1e8b466f74244a7b2c13c2ba19e131c7,5,1,1,0.9975801327441497
852,853,853,b78557ce10197718a152e202e49d54e4f3510e8b930749217564c5db89832954,5,1,1,0.8109415052585034
856,857,857,ea57250f104de3238441dcd3a225f555a2513240855feb6fafd2b23c1fc39aba,5,1,1,0.992244997235608
863,864,864,647869556e35bc8fdc67c14d538ff75f1c52ae89f0ee4c7e078ff50a0db62fa1,5,0,0,0.1391980486922515
874,875,875,6a5facba7060397b41b604e420c7447f305524010379fc44045788411bf8d418,5,1,1,0.6675545266105631
876,877,877,e267aca2d9fad7b05b3e27e392eea6c3ac2fe229dfe6fba8125edb8ab70fa856,5,0,0,0.0005483765139163053
889,890,890,d6ae8c98af272bca3058d34fc0e930cbf2dcc32b406602f6d5e2b0b54e0e6565,5,0,0,0.0035953599412783255
893,894,894,31fb88da40cc50c6bb2bf5c056385a8acd4a2fdf92ca684f2b333232a08e0bf9,5,0,0,0.001218694263784109
897,898,898,dbb17851c899b8708331cfae6bd526f5dd385f9cc94d0bf647c577302afad8ea,5,1,0,0.013211730655156236
912,913,913,10cb202b1229270efda6de3f5cac0cf57a41e4f051b04330f96cbf00c11a67b9,5,0,1,0.911362222154395
924,925,925,bacf5f3cb82469f6cb94d07511d9b74ff6031b0f53be437791bb968c96d2923f,5,1,1,0.8402391949272509
928,929,929,b3468cc6871414e829c8ec8693fde72cae6ad1c8830fc103376427901047c434,5,1,1,0.9349335770317655
929,930,930,7183b17b4592fa23b00888e29295f19259bce28fcbde332655aa64db1ec677f4,5,0,0,0.00033632860234866373
930,931,931,e267aca2d9fad7b05b3e27e392eea6c3ac2fe229dfe6fba8125edb8ab70fa856,5,0,0,0.0005483765139163053
947,948,948,cf0437b7443620131ffb1a124fa7407a4169173892a206fd3205c0d8cec68924,5,1,1,0.9206811545210283
956,957,957,83ee532a1d29b3a96067a4d54513c801553ec3df64470b689aac366c71d6a042,5,1,0,0.0998044851305034
977,978,978,6722a9945781794c423b108d03952930f9d754497aa1321848b989b9e89c4f33,5,0,0,0.13836517952598823
978,979,979,cd365ce7907ad5d04fd47b4d8758d592e29b75c0baeecca5f1cc14bd0d7fc010,5,1,1,0.9984835934602566
979,980,980,77d5789c9dbdb4478c8d61a59fd5db8997e837ff2ce0198a9b25ecaf89baf4a0,5,0,1,0.5993157758645145
981,982,982,6a5facba7060397b41b604e420c7447f305524010379fc44045788411bf8d418,5,1,1,0.6675545266105631
986,987,987,83ee532a1d29b3a96067a4d54513c801553ec3df64470b689aac366c71d6a042,5,1,0,0.0998044851305034
987,988,988,8ee78b19a7462aeeefa87f284e9d20a8e7725e541e71f365c6cc9b749185256c,5,0,0,0.024478021068444655
990,991,991,677ace1b7f031aa18f4cef63c87a9fbecdc05d0153ba697168eb3c812d79bb19,5,1,1,0.6382304952027353
1000,1001,1001,e982aa16188dee201345fa9375c31bce273c55ce71f68abbe66ada568c7a9b63,5,0,0,0.03877950583088561
1020,1021,1021,297729bb51295fd7c92c3e11ea44a176fd131ffa59292eb69bf12a5cfb61d7ec,5,1,1,0.9679395719530886
