group_id,partition,validation_fold,target,original_row_count,representative_record,representative_line_start,seed,age,sex,cp,trestbps,chol,fbs,restecg,thalach,exang,oldpeak,slope,ca,thal
00efcd0f08db874842d18f19a10747b1a78fd78cc29d147ed06746f0aeecc7dc,test,,1,3,225,226,42,51,1,0,140,261,0,0,186,1,0,2,0,2
01b2d02e21c70f7adceafe2a74bb7d81a2fd07bf8680e73a3454ba24b0f75e7e,development,3,1,4,103,104,42,54,1,1,108,309,0,1,156,0,0,2,0,3
0360d1fe51073754b3d7e916e181429845ca593d2283b305477af36399e10e0a,development,2,1,4,184,185,42,42,1,2,130,180,0,1,150,0,0,2,0,2
0407b2e5edd3f95da70a19f2c12e12a47c44e87ff40fc30a43008ea9828acd37,development,1,1,3,157,158,42,40,1,3,140,199,0,1,178,1,1.4,2,0,3
04646f67c1ffb8b229e72d0fe24da7b99874ed3491dc6b0228750cbfa7f2cb24,test,,1,4,439,440,42,47,1,2,130,253,0,1,179,0,0,2,0,2
0548dc97d6bdab333330eded8112df676bd49389532fe8b0d4aa3410887c1912,development,2,1,3,452,453,42,49,0,1,134,271,0,1,162,0,0,1,0,2
0609526803727eb7a02eae6e31fdad5351ee604bf6e87ca01cef0f174ec966c4,development,1,0,4,329,330,42,70,1,0,130,322,0,0,109,0,2.4,1,3,2
061ba64092eac5bd44c6cacbaea2462c1e8b466f74244a7b2c13c2ba19e131c7,development,5,1,3,51,52,42,58,0,3,150,283,1,0,162,0,1,2,0,2
066522f7a92b25978c09d7c8f84df1d54215614115225febfce2e971becee109,development,3,1,4,11,12,42,71,0,0,112,149,0,1,125,0,1.6,1,0,2
06a34b269352a33c115f788d694afc4ba07be1929f1ec4835e638f3cf1dba6bb,test,,0,4,368,369,42,48,1,1,110,229,0,1,168,0,1,0,0,3
06af32be1fea11cafb8a39d95c9a43fc43ed522f2c1e3b737c37648a2f736f40,development,3,1,3,246,247,42,44,1,1,130,219,0,0,188,0,0,2,0,2
07236a28c5f52d8c2aa76361308d5a15ec820c0a65353406518ef78dda73ded9,test,,0,3,36,37,42,46,1,2,150,231,0,1,147,0,3.6,1,0,2
07c4c4ce98cafa879b533e4f51ab5fd8f20c01d146b13a83e0340860f7edafb2,development,5,1,3,338,339,42,54,1,2,125,273,0,0,152,0,0.5,0,1,2
096712ed40df97b119e2b1b3fe93efaac6885a8d6d0c0dcbca66350b83dfcb42,development,4,1,3,375,376,42,46,0,2,142,177,0,0,160,1,1.4,0,0,2
096b6ed78faef05c313ad9d51bcfad2e71cd63037cd77d8c7a591f2b5c7e6610,development,4,0,4,268,269,42,67,1,0,120,237,0,1,71,0,1,1,0,2
0ace5c2af2df9bc4e6441e53e392444525e325a2d3a68c86d2b5642afd86d72f,development,1,1,3,35,36,42,50,1,2,129,196,0,1,163,0,0,2,0,2
0ccf14389a963d48e004113394b3a2f471eaac2b93aec1dac63175398f187afd,test,,1,3,132,133,42,51,0,2,130,256,0,0,149,0,0.5,2,0,2
0ddceaf19a5cf5d118fbf392204aa1a82ba99fdc457b92f25ee797383d5f8372,development,1,0,4,451,452,42,63,0,0,150,407,0,0,154,0,4,1,3,3
0dee614e6d81244540b4166c994f0559c9efce5766765c3e78fcdf5e9c7b7e3f,development,2,0,3,306,307,42,62,1,0,120,267,0,1,99,1,1.8,1,2,3
0e456da1d5cf3ab7c2f5989ea69e0b08ec37617973a3f31b353534f530abe725,development,4,1,3,343,344,42,65,0,2,155,269,0,1,148,0,0.8,2,0,2
1030d9bbe09e07182b7d28a3a8a04f78c8aadc5ddee469302befa6c7f0bcd625,test,,1,3,185,186,42,45,1,1,128,308,0,0,170,0,0,2,0,2
10cb202b1229270efda6de3f5cac0cf57a41e4f051b04330f96cbf00c11a67b9,development,5,0,4,28,29,42,58,0,1,136,319,1,0,152,0,0,2,2,2
120c066e96fbf896a39fd17defc80d0d3914bd808fdfa0bb021e353ed8901859,development,2,1,4,42,43,42,54,1,2,120,258,0,0,147,0,0.4,1,0,3
129187a6d1989b8cc9b57e85dc4d9895800f53b4ae4701f45a08e325b2376b74,development,2,0,4,136,137,42,58,0,0,170,225,1,0,146,1,2.8,1,2,1
12da9bc52d27e6191d4e5541a326452567b4d5dee368ffd05c10e6dadefc757e,development,3,1,3,46,47,42,42,1,0,140,226,0,1,178,0,0,2,0,2
135c49b7206acbca4bd59a45bb5d0a441086b0141794b35d9d227242c762622b,development,1,1,3,234,235,42,41,0,1,126,306,0,1,163,0,0,2,0,2
13de85647cb767115b90dc11946b4b68b3bf0df758589903b501a619b2b3b417,development,4,0,4,12,13,42,43,0,0,132,341,1,0,136,1,3,1,0,3
14443b3d24612a35abba78aaa251bff9b49707282094c445ec45fd38b3ffa6f9,development,5,0,4,55,56,42,55,1,0,140,217,0,1,111,1,5.6,0,0,3
1546abffe6332affe53e386427effe04cc2751bced858e563c9bcaa2c9b24fa0,development,1,0,4,438,439,42,67,1,0,120,229,0,0,129,1,2.6,1,2,3
170beb254cb4ead91ac6abdd27b9f5fb35183137c08b806ed7193d57b16feb8e,development,1,0,4,217,218,42,65,1,0,135,254,0,0,127,0,2.8,1,1,3
178a78be273c187af69c4c36804102052b935fcffe2c0a83f38d884e6432c23e,development,3,0,3,148,149,42,41,1,0,110,172,0,0,158,0,0,2,0,3
18a41bc3a1d854654e09b4269e27c4989bddb4ddea9d69fc6dd5b0ea19ccb130,development,1,0,4,695,696,42,39,1,0,118,219,0,1,140,0,1.2,1,0,3
18d067330a032de550678dd02a4fc7def157655810459143f2a382dd21323a18,development,4,1,3,41,42,42,65,0,2,160,360,0,0,151,0,0.8,2,0,2
1aee97b08276c7517058cde71ba2e1e0c58f8848ffe6e4aff263fd57b515e587,test,,0,4,60,61,42,57,1,1,154,232,0,0,164,0,0,2,1,2
1b06c566472cb1ec33bf7e37c86c2cb32d5247e2d414507bc5a2d80facf48cfd,development,2,0,3,90,91,42,68,1,0,144,193,1,1,141,0,3.4,1,2,3
1b1129ef327d069f1a34c42adb437deff3a6d17d68517228c77f803183c892ff,development,4,1,3,79,80,42,52,1,1,134,201,0,1,158,0,0.8,2,1,2
1b13de9667a1c75c937b869c9712b13162197cb3cecd6a46d0a43d83cc10c822,development,2,0,3,167,168,42,56,1,0,132,184,0,0,105,1,2.1,1,1,1
1b5f089a7c6d6cbe4752e5a0476366179819182b598d80d7ff25d6a34fc0111f,development,2,0,4,72,73,42,61,1,0,140,207,0,0,138,1,1.9,2,1,3
1c7f4c143bea5753cfffa7db6bc57e8ef8757cfb6ad73cc78c2a324f18bbf8d5,development,2,1,4,173,174,42,56,1,1,120,240,0,1,169,0,0,0,0,2
1d51ec110e8e21b17cc0b4768ea24be1f7374646eb4f366556bceb09cb733e19,development,3,0,3,164,165,42,48,1,0,124,274,0,0,166,0,0.5,1,0,3
1e299b803253cc89e2fb28de7e05884e01e4232409eb32444eb4ffbd20786704,development,3,0,3,480,481,42,58,1,0,128,216,0,0,131,1,2.2,1,3,3
1eea40f77e57121da4b599eeb72ab1c5dd4b625c0ec1482606ace2528d3c07c8,development,4,1,3,263,264,42,48,1,0,122,222,0,0,186,0,0,2,0,2
1f5d179ce8e88b673dbee865916763858299c3e0dc63bb5c513c0b35cf6a46e1,development,4,1,3,138,139,42,64,0,0,180,325,0,1,154,1,0,2,0,2
1f83652fe17ea9ae57a330edf0e9cf8dd7680eda44b67707befa1bb75a531e0e,development,4,1,3,129,130,42,52,1,2,138,223,0,1,169,0,0,2,4,2
1fa4bcbe77dcd55c1c74669b0d3487c23fbfc9a13721609ea25f51e562d603ab,test,,0,4,3,4,42,70,1,0,145,174,0,1,125,1,2.6,0,0,3
1ff46e0483cbf49dbe3624ca3cc23d068b669f6c225003a42484054c73d75ba0,test,,0,4,374,375,42,58,1,1,120,284,0,0,160,0,1.8,1,0,2
200be9908d2f03977c9d890b01bcb7c5d6451d6722981c3e25a653c9bf889bf0,development,1,1,3,27,28,42,44,1,2,130,233,0,1,179,1,0.4,2,0,2
2270cf63c75bff8f5ef058b2fadb9aecf66d022bcba7474ec79d74ed30cc1f3f,development,1,1,3,314,315,42,74,0,1,120,269,0,0,121,1,0.2,2,1,2
23ed059869f6c1afcd09b196e796988f5eea1973e88e52e8a44beb0ff35e4457,test,,1,3,378,379,42,64,0,0,130,303,0,1,122,0,2,1,2,2
244d0e39518c8f541b6b8258b6e7cb298cd85acc70e95a648bf50b83332af195,development,4,0,4,98,99,42,53,1,0,123,282,0,1,95,1,2,1,2,3
24570ebb1034cb4697a4471c9355a69f3249735f7d9fd923401e6f5ab1035f12,test,,1,4,522,523,42,58,1,1,125,220,0,1,144,0,0.4,1,4,3
2754c37c395a88ff0d419fc8b9703176c9c56116a1a638c323b189c4c1fe3dd7,test,,1,4,204,205,42,64,1,3,170,227,0,0,155,0,0.6,1,0,3
27f58622864d217ed8c7ca30b321b0eafa1d6c599e57579ebc579691d137f2d8,test,,0,4,73,74,42,56,1,0,125,249,1,0,144,1,1.2,1,1,2
28fd2bbdfb26c8b6021071f28feed6016e0cbd9e1b4ffc55f53e9092e9c13fd1,development,5,1,3,435,436,42,41,0,2,112,268,0,0,172,1,0,2,0,2
295d3770d48a22c76fbea70306840dbd3e5705d6e8d33e981f02fd949298e5e7,development,1,1,3,334,335,42,54,0,2,110,214,0,1,158,0,1.6,1,0,2
297729bb51295fd7c92c3e11ea44a176fd131ffa59292eb69bf12a5cfb61d7ec,development,5,1,3,145,146,42,47,1,0,112,204,0,1,143,0,0.1,2,0,2
2a0f4f605cfcdc52d443d5510c0f07f62dadd3e503b339ea5a801c5c9abd5321,development,2,1,3,583,584,42,55,1,1,130,262,0,1,155,0,0,2,0,2
2bc8c2b9337b71f266f35585dc762c806965b51c582af7c8c5a0e47aeeccef54,development,3,1,4,270,271,42,71,0,2,110,265,1,0,130,0,0,2,1,2
2d917aba2e1c80aafcc9567b5ad199c26af38d88bde9e0c72f0a9c4501401d25,development,5,0,3,5,6,42,62,0,0,138,294,1,1,106,0,1.9,1,3,2
2e962eaae036270df658e4a4408980b6924f8f3ae4e353de90879894c10eeffa,development,3,1,3,232,233,42,56,1,1,120,236,0,1,178,0,0.8,2,0,2
2f1e466e8b88739333b5340aaf307b22359f620ce47253b860c2cafc69526f03,test,,1,3,369,370,42,58,1,2,105,240,0,0,154,1,0.6,1,0,3
3019eb9e1e2b3b50d39f08ab776beb802ed15d5fc99de6ec9091db4070eb02d5,development,2,1,4,47,48,42,41,1,1,135,203,0,1,132,0,0,1,0,1
30b933ace8f9fcaa8563c3d45a947ee641c793d5ce5e63fe9b184854f2805ebc,development,1,1,3,496,497,42,59,1,0,135,234,0,1,161,0,0.5,1,0,3
31fb88da40cc50c6bb2bf5c056385a8acd4a2fdf92ca684f2b333232a08e0bf9,development,5,0,4,175,176,42,54,1,0,110,239,0,1,126,1,2.8,1,1,3
33e6adf80af0df0a39618b9acfc57926cc2019f47aba6970b12cc71b90133528,development,5,0,4,634,635,42,61,1,0,138,166,0,0,125,1,3.6,1,1,2
343f97779e92a75005a37b420b3886a2ab852ac2282cd0b3565b5e75473619ad,development,1,0,4,50,51,42,60,1,0,117,230,1,1,160,1,1.4,2,2,3
36ef84ea39323f491e3bb21475464b9d3da7df200d4412c1945bb19f9cfeeda7,development,1,1,3,734,735,42,44,0,2,108,141,0,1,175,0,0.6,1,0,2
37017d97f2466972966c94e197ae3183b56c0eb6189f48ecbd798c6eae203126,development,4,0,4,31,32,42,44,1,0,120,169,0,1,144,1,2.8,0,0,1
376629d252e21d46601aaa2b226335bd246434c5d3da80a87eaf29876be78c55,test,,0,4,197,198,42,58,1,0,100,234,0,1,156,0,0.1,2,1,3
37a5ca2f4a45de7fab333b84741ad58cc9f825d41d59b1164bce5f6f8ff371dc,development,2,1,3,120,121,42,42,1,1,120,295,0,1,162,0,0,2,0,2
389c4502d032aa2f0cc33a502e4200ba50509572bf9baab03efec659d0a94ac3,development,3,0,3,357,358,42,59,1,0,164,176,1,0,90,0,1,1,2,1
38bce2ff0e22f3df539b55d9d216d260f103d59ddf92db797b5b3d91f45c5871,development,5,0,4,82,83,42,49,1,2,118,149,0,0,126,0,0.8,2,3,2
3a9042a29b3fdd27f4ee67ed178246094baf68a7233571b46398b0ecc1016bed,development,2,1,4,160,161,42,41,1,1,120,157,0,1,182,0,0,2,0,2
3bffbffa715191f503c4a4c2314090d97c79030b124a3b27e84890199e7a8f2b,test,,1,3,228,229,42,44,0,2,118,242,0,1,149,0,0.3,1,1,2
3d33bc9463e7c33f518ab655993b9f781e3be5cb7a1c9bfe175f92b60dcd2613,test,,0,3,52,53,42,57,0,0,140,241,0,1,123,1,0.2,1,0,3
3e112fed1f2a09fda69b8b62ed9a1ed98e6ac5bad1cbf35a0c622a861b38c9f5,development,1,1,3,571,572,42,54,0,2,135,304,1,1,170,0,0,2,0,2
3e98a544e19cf7567bae4c115de6e5f27624effefccfad2a95d4d4a889417088,test,,1,3,170,171,42,45,0,1,112,160,0,1,138,0,0,1,0,2
3ea3cc9c251cb00d4cd764a1014b4526f42f959fb5870cc8dc9a622f847addf1,test,,1,3,39,40,42,64,1,0,128,263,0,1,105,1,0.2,1,1,3
3eadcf23d7d34c055b8ed2f17af7bf8e189759c0f48056da258ae29854ea0703,development,3,1,3,724,725,42,68,0,2,120,211,0,0,115,0,1.5,1,0,2
3f021ab13bdcb8ae0e4820708ce8a75ac7d4ecd086ca3b3547275e9243e707ad,development,4,0,3,70,71,42,62,0,0,160,164,0,0,145,0,6.2,0,3,3
3f2ae0deb6d754888898ee1bfde5b96c5101eb11a8e9a5cb525b7ca2d517fd4e,development,1,0,3,152,153,42,54,1,1,192,283,0,0,195,0,0,2,1,3
3f81224d51c07e4952ab66f425301ca48f70330dc9818ab11018078840c774e4,development,5,1,3,550,551,42,68,1,2,118,277,0,1,151,0,1,2,1,3
3fca6ad2af45e994867f0dc386a2e508f5ff6c0c16f41b5125089e51cf3be39e,development,4,0,3,99,100,42,65,1,0,110,248,0,0,158,0,0.6,2,2,1
40d1a60b3b046c23fac890cfd6cd24ed7988972f4fd5338af1885872acba6a1d,development,3,0,3,844,845,42,59,1,3,160,273,0,0,125,0,0,2,0,2
421e3acb4b57eb58410e4276a6498e8bc39389ad128e7c7a59091291fcd0275a,test,,0,4,176,177,42,56,0,0,200,288,1,0,133,1,4,0,2,3
4429b79f639f96884a81b073d2cca8b658c3155ac7cbd42eb827dc1dc99c016e,development,5,0,4,108,109,42,62,1,1,120,281,0,0,103,0,1.4,1,1,3
45864539a04450af431cb2a1048352fbcf3a2acc5fe2ce0bf92ec05650925d99,development,4,0,3,461,462,42,69,1,2,140,254,0,0,146,0,2,1,3,3
4675cfa0fe6893f320e02a6e53a1f9881f02d616ab5f415c1435da962130c064,development,4,1,3,644,645,42,65,1,0,120,177,0,1,140,0,0.4,2,0,3
495cc9be552f134bbd4f0e2c0176d48dba754b3dc99c138e97ae8f1fcf0edcb1,development,4,0,3,298,299,42,58,1,0,150,270,0,0,111,1,0.8,2,0,3
4ac578757f209823c2f46aae5441e129be3ea66c5c789b25152679499ebb2be6,development,1,0,4,107,108,42,51,1,0,140,299,0,1,173,1,1.6,2,0,3
4cf48cafc68ff8e922d89b0238322bfcf427064a08f1ce306dfb7b1039209bc1,development,3,0,4,269,270,42,58,1,2,132,224,0,0,173,0,3.2,2,2,3
4e46c66a13476a18e41b9011c90927a84959e00120bb6bf8803729a2164e900c,development,1,1,3,97,98,42,57,0,0,128,303,0,0,159,0,0,2,1,2
524e62aa99d66a1475c941c30fcc40cbc63c9ac4f02a66c2797f0af0e68cec0c,development,3,1,3,235,236,42,49,0,0,130,269,0,1,163,0,0,2,0,2
5270e06dd07b1eee8360113c3002a00782a57f2fd1ee83b393297d321910c860,development,1,1,3,287,288,42,64,0,2,140,313,0,1,133,0,0.2,2,0,3
534f9af47c5f491cc5dccac4f9d01a63b6e3c81664b5debce6e390a31e8362e6,development,1,0,4,178,179,42,64,1,0,120,246,0,0,96,1,2.2,0,1,2
5602140911692ba940f6d47f43cfbe7e24f6c502af3472801a5f6c4f00adde73,test,,1,3,277,278,42,57,1,0,132,207,0,1,168,1,0,2,0,3
57406ef4552f43df3583eb064c14d18ff05a35a479c162a4facf5417fa6aacb1,development,2,1,3,256,257,42,62,0,0,140,394,0,0,157,0,1.2,1,0,2
58575998326d6f39bc9f021302255ed4cb8e71ba926847810c3c6107062b2305,development,3,1,4,257,258,42,35,0,0,138,183,0,1,182,0,1.4,2,0,2
5a5522ce37eb6a200af447f255944323e78731c213ba32119d8a85a9c50441d9,development,1,0,3,200,201,42,50,1,0,144,200,0,0,126,1,0.9,1,0,3
5a826db633bc4287d736ccab62222f706dd6bae2431d9e023c4519c2dbf74dbf,development,3,0,4,190,191,42,64,1,2,125,309,0,1,131,1,1.8,1,0,3
5a8d0043ad2df8d0f0c35b9d158a0b31ea8a63eb6f595c3f4a094660e70d4d0e,development,4,1,3,24,25,42,63,0,2,135,252,0,0,172,0,0,2,0,2
5c0b540b637e788c8fc043df421a9c0558a171671432a84b540cbe2534cc5ad0,development,2,1,3,245,246,42,51,1,2,125,245,1,0,166,0,2.4,1,0,2
5c2b48acf547b55cf9c87fa708c9357aa01caa36724f2c43da32b8023347319e,development,3,0,3,34,35,42,70,1,2,160,269,0,1,112,1,2.9,1,1,3
5c2e15695af92e59f03182c6a247d293720c0302b43330da5f3e2863d21df14c,development,3,1,3,390,391,42,63,1,3,145,233,1,0,150,0,2.3,0,0,1
5d503dfda1b6df014e460b7ebc2313c1bc47cac4dbf8a6a18c64572da948473c,development,4,0,4,630,631,42,65,1,3,138,282,1,0,174,0,1.4,1,1,2
5dfb68eaf3fe08e7b765653dc52a7703f216a93268881875b2f09995326b1393,development,5,1,4,473,474,42,58,0,0,130,197,0,1,131,0,0.6,1,0,2
601e3a14e6bc701b040f7d9ae9cb1a6352a91cb827c681d07cc462fda59b4afb,development,4,0,4,432,433,42,65,0,0,150,225,0,0,114,0,1,1,3,3
603cfec9ce1edf3278224d34ea43ef858a566d5a4c964e9678680d07026438d1,development,1,1,3,76,77,42,47,1,2,138,257,0,0,156,0,0,2,0,2
60cfc9ffcb5c94cd7a137909b9ae5d39e77d0510aafc957c78fed02cdcb5a264,development,2,1,3,709,710,42,60,0,2,120,178,1,1,96,0,0,2,0,2
61378bf2c4a1c06a1e183a872365216e3b2b8f60f7caf2e2ec42580ad3ed365f,development,2,0,4,146,147,42,40,1,0,110,167,0,0,114,1,2,1,0,3
620cc12069aca5ccf15c41fba13c7c8c9222ee69785e8bf549d69a2c43c490b4,development,3,0,3,221,222,42,57,0,1,130,236,0,0,174,0,0,1,1,2
63e4dfbbed757f4cc8618922654099706bf26d68fe2c1b8829540bde762c8c3a,development,3,1,3,422,423,42,42,0,0,102,265,0,0,122,0,0.6,1,0,2
647869556e35bc8fdc67c14d538ff75f1c52ae89f0ee4c7e078ff50a0db62fa1,development,5,0,4,66,67,42,59,1,3,170,288,0,0,159,0,0.2,1,0,3
652bedb51ed04195f9b6db839a01a12f1c899e84b2c4de10ded37ed50519cdf4,test,,1,3,600,601,42,63,0,1,140,195,0,1,179,0,0,2,2,2
65684880c5e1e32705900365c76289224ef388c226cedb9fc5cf9205de242410,test,,0,4,115,116,42,59,1,2,126,218,1,1,134,0,2.2,1,1,1
66462442c59b32e61a8c3524dd3703ce118e47f77cdff01924d3f5bbb64f2dbf,test,,1,3,58,59,42,48,1,1,130,245,0,0,180,0,0.2,1,0,2
66d1e294707307b4e01fbfec8f7518babeca6f7c3d358e108423e5c4ef2a97bb,development,1,1,3,182,183,42,64,1,3,110,211,0,0,144,1,1.8,1,0,2
6722a9945781794c423b108d03952930f9d754497aa1321848b989b9e89c4f33,development,5,0,4,332,333,42,63,0,0,108,269,0,1,169,1,1.8,1,2,2
677ace1b7f031aa18f4cef63c87a9fbecdc05d0153ba697168eb3c812d79bb19,development,5,1,3,288,289,42,71,0,1,160,302,0,1,162,0,0.4,2,2,2
67e5760b4b1bccb2009c20987d67ecc249d595658f687eec06f65db3961584f4,development,4,0,4,607,608,42,66,1,0,112,212,0,0,132,1,0.1,2,1,2
68d75c45084b6efac5d05ce6d70ff9e0bc3b5e1fa08ca26671a3b3218e4b4cef,test,,1,3,171,172,42,43,1,0,150,247,0,1,171,0,1.5,2,0,2
696582f64d2c8c4c7be10106139532593c1c19d4dec3198b61f8e4b320f29b6d,development,1,0,4,40,41,42,57,1,2,128,229,0,0,150,0,0.4,1,1,3
699503624a9726f122bd002cf2c31e5d52f3e9d52378c9e39980205edf8e3cb8,development,2,1,3,102,103,42,57,1,2,150,126,1,1,173,0,0.2,2,1,3
6a38a3aa130a38b6a6c9e4b293719c34f4ab16da218a8f81551d06e721cd67c9,development,4,1,4,261,262,42,44,1,2,120,226,0,1,169,0,0,2,0,2
6a5facba7060397b41b604e420c7447f305524010379fc44045788411bf8d418,development,5,1,3,130,131,42,57,1,0,140,192,0,1,148,0,0.4,1,0,1
6a8f170690918ae06c3ba2785b52b7ef0f41ec47d10d22255e8fce9fcab1a500,development,4,0,3,323,324,42,45,1,0,142,309,0,0,147,1,0,1,3,3
6b6195468415ac0d72b7ab37b44c6583abf461c24d10c1bc6548e3d5a83bba6f,development,3,1,3,38,39,42,59,1,0,138,271,0,0,182,0,0,2,0,2
6b91d8af6046bb1b3bd4201ff0769b39a44b8575601f6844e89f4fbd8fa89d28,development,4,0,4,238,239,42,57,1,1,124,261,0,1,141,0,0.3,2,0,3
6ca52788d8dbc2bdc178275f032f7b8c01fa68075e0850b9c5448161951786a9,development,5,0,4,54,55,42,49,1,2,120,188,0,1,139,0,2,1,3,3
6d17cf05200500a503fbbd130f852633a3fa56977e59c320896d3b69a0b64f33,test,,0,4,10,11,42,54,1,0,122,286,0,0,116,1,3.2,1,2,2
6fb7211a460e94d8a2ff0054bee1425482bcef1ce7adf232fa5758f42ba5b121,development,2,0,4,68,69,42,42,1,0,136,315,0,1,125,1,1.8,1,0,1
70fe8d752064d32a25fd5dfd2f306c301d8439811ba23cdb3194d3e25fb5a50e,development,4,0,3,141,142,42,57,1,0,152,274,0,1,88,1,1.2,1,1,3
717a078e2e8be7277e3906efae4c7a8126a752273c690db3cc08505c141d56ff,test,,1,3,301,302,42,46,0,1,105,204,0,1,172,0,0,2,0,2
7183b17b4592fa23b00888e29295f19259bce28fcbde332655aa64db1ec677f4,development,5,0,3,18,19,42,54,1,0,124,266,0,0,109,1,2.2,1,1,3
71a456eca9ed8e0f911459cf49f92f5fc04a04441ffa627fcc36dce85f9fa8d2,development,1,1,4,249,250,42,39,0,2,138,220,0,1,152,0,0,1,0,2
73d6e2ede5803e93f0b607cac2296734d1de4a2725a8213dede5db0a488f74b1,test,,0,4,186,187,42,57,1,0,165,289,1,0,124,0,1,1,3,3
74263a0590c0f5edcafddc6cf3bb13930ed7c8a19ce7c02afbdf8049227b5a24,development,3,1,4,20,21,42,58,1,2,140,211,1,0,165,0,0,2,0,2
74711b8929e416b1ddec52d3428bc8e56ccf9d866095c2ee2b38b4de3e2d801d,development,5,0,3,392,393,42,45,1,3,110,264,0,1,132,0,1.2,1,0,3
74b17ea90d77b212c11109d27b9d3b9be35581a0cc2764adf81eb89a1ff7aabe,development,2,0,4,118,119,42,43,1,0,120,177,0,0,120,1,2.5,1,0,3
74d43fe49e4de4a3e8536759ef6eecd48658b73769dc6d3bfaba40e1fa2d20ef,development,2,0,3,88,89,42,59,0,0,174,249,0,1,143,1,0,1,0,2
7571ee92bbc9fe16a5ad1579363ef8649ab489f854db348d7d9c4c1e7efc75e9,development,3,1,3,57,58,42,56,1,3,120,193,0,0,162,0,1.9,1,0,3
757cb6c1021bfb2d04e492afa47e4ca576c7bdb0f2e1634ede080ae8788c08dd,development,2,0,4,259,260,42,38,1,3,120,231,0,1,182,1,3.8,1,0,3
76188df7212d02fe6400921583c3af92cec04bccde92adf10fbff387728c06bb,development,2,1,3,356,357,42,46,0,0,138,243,0,0,152,1,0,1,0,2
77d5789c9dbdb4478c8d61a59fd5db8997e837ff2ce0198a9b25ecaf89baf4a0,development,5,0,3,111,112,42,44,1,0,110,197,0,0,177,0,0,2,1,2
789ca93868a1160ef0149b26f44f6db86d70b66095514fabd8e42fc41e0fd745,development,2,1,4,192,193,42,56,1,1,130,221,0,0,163,0,0,2,0,3
7aca4477c2989c14361a39ad10723de9580751a6b47f57474f7978ed10fd5f78,development,3,0,4,106,107,42,47,1,0,110,275,0,0,118,1,1,1,1,2
7b4cb154cd8c96042bc5aa6fbfaa724dc9d8e687f6b7683bd7ad946a959c57c3,development,2,1,3,191,192,42,41,1,2,112,250,0,1,179,0,0,2,0,2
7bc7edc81504823da0e2cc15c08d254d6374580c1278bd0c02c1068619176e4d,development,1,1,3,310,311,42,56,0,1,140,294,0,0,153,0,1.3,1,0,2
7c1fb69465a7636425be744b6cf9f0a9e0b642b470151730b2223f390f084cb4,development,5,1,3,241,242,42,54,0,1,132,288,1,0,159,1,0,2,1,2
7d1a0d7b51fc1ca79344034ee06dac9db61da107e30bb307a34cbf260c4c303e,development,3,0,4,143,144,42,61,1,3,134,234,0,1,145,0,2.6,1,2,2
7d8da25e9ce0d659ef0e6ddc790d98e5843871183b13d257985c8192be9c299b,development,2,1,3,370,371,42,51,1,2,110,175,0,1,123,0,0.6,2,0,2
7e73ac069893cc840847f82526f598463993b1530846863e38db58b64bb001d3,development,4,1,3,720,721,42,52,1,0,108,233,1,1,147,0,0.1,2,3,3
7e8d9f9c5869aa4f319dd434eba7de79f30ecffd53806261d43ce087a1fd7e3e,test,,0,3,879,880,42,54,1,0,120,188,0,1,113,0,1.4,1,1,3
7f002c74c88d56f20387f9a39939a28cbfdfff55085d9611f50b66fdfd547e8f,development,1,1,3,112,113,42,53,1,0,142,226,0,0,111,1,0,2,0,3
7f46e41a27a75de946eb9ebf48a991a157e9490f0b996e0e1466f132bcd092f9,development,1,0,3,63,64,42,67,1,0,100,299,0,0,125,1,0.9,1,2,2
7f6eb87a7a0f0e7c7a774f4a858d04d3733168da28f6b25ac8cc3f36a4d9791f,development,2,1,3,226,227,42,54,1,2,150,232,0,0,165,0,1.6,2,0,3
7fa477610afc161c8c6896002d27de9519656c1dc1e45ca94e675e67d6b62df4,development,2,0,3,21,22,42,60,1,2,140,185,0,0,155,0,3,1,0,2
80c742d84f95bec4de97f8a03402cd1311fefb2bbd629cda6733ec49c9c7dbe7,test,,0,3,142,143,42,63,0,0,124,197,0,1,136,1,0,1,0,2
80d441b0530a8c3c3a014666772785f6948f9f59b2fbe4dca24ef6b4e4bbf7d2,test,,1,3,140,141,42,41,1,1,110,235,0,1,153,0,0,2,0,2
81bd778b049e7b92197bbaf720877992dbb11553313d9ab43f1528ac1616745d,development,3,1,4,86,87,42,44,1,1,120,220,0,1,170,0,0,2,0,2
8209afdfc4f413d00c86b7537bbec68d79514b004420fea13039b4e34bab3f65,test,,0,4,8,9,42,55,1,0,160,289,0,0,145,1,0.8,1,1,3
825f8b984b3b2505c87484fc88419cb15c5d6d2fb94134940297db5ba9c9b0a0,development,1,0,4,253,254,42,55,1,0,132,353,0,1,132,1,1.2,1,1,3
82a729e79d9a22a70c04d11594bf838f531727d9df814c2e8f0d1d97c4e0d8ef,test,,1,3,169,170,42,43,1,2,130,315,0,1,162,0,1.9,2,1,2
82a99de9fbb442105521d932e584019f8b8d46ace4ca08841c9711ef096cd4c5,development,4,1,3,149,150,42,52,1,3,152,298,1,1,178,0,1.2,1,0,3
83ee532a1d29b3a96067a4d54513c801553ec3df64470b689aac366c71d6a042,development,5,1,3,362,363,42,62,1,2,130,231,0,1,146,0,1.8,1,3,3
849ae80134bf91e463f2f63b372716e308875ff01244b9d8bee2aba9c5eb9f41,development,3,0,3,81,82,42,50,1,2,140,233,0,1,163,0,0.6,1,1,3
860eb53eed8a67b576b005aefd9eeb466479557343a6dac29a4085b281056fec,development,1,1,3,147,148,42,51,0,2,120,295,0,0,157,0,0.6,2,0,2
88787e52c8e73fece635b59741e5064a29ff0d0e1509c3e5d51543b5ec5ba88a,development,5,0,4,328,329,42,57,1,0,150,276,0,0,112,1,0.6,1,1,1
8b21c94eb86b1d9ba890e1cc38f18e999802fac53b4631c1731ee9107badae28,development,4,0,4,109,110,42,40,1,0,152,223,0,1,181,0,0,2,0,3
8bb6305f62d0bcddd0bb27c82749e15f638e7fa04f1fd7cff8afe59356dc2cf8,development,4,0,3,180,181,42,56,0,0,134,409,0,0,150,1,1.9,1,2,3
8d3e8dbe93157da0e9d633d3862e433fa85b14ee806b0f0b8fb51579cf367089,test,,1,3,300,301,42,52,1,1,120,325,0,1,172,0,0.2,2,0,2
8d6840f62c2edb1e02086519ff5e9163cc08d066341dc64f37a69d833324e6bf,development,1,0,4,2,3,42,53,1,0,140,203,1,0,155,1,3.1,0,0,3
8e815e6224cc4639a52ab1ae08fb124e258ce0126e14966faedf7a394b414341,development,1,1,3,91,92,42,54,0,2,108,267,0,0,167,0,0,2,0,2
8e95953bea6b4979261f7ca3a74a8cb34973c7acff9c3799e2c97e2dea05429a,development,3,0,3,740,741,42,52,1,0,128,255,0,1,161,1,0,2,1,3
8ee78b19a7462aeeefa87f284e9d20a8e7725e541e71f365c6cc9b749185256c,development,5,0,4,30,31,42,55,0,0,180,327,0,2,117,1,3.4,1,0,2
8f4533f48e184729d8435c4595ac02b2a74540885869b0ab9fa1686400f47b38,development,4,1,3,377,378,42,59,1,1,140,221,0,1,164,1,0,2,0,2
8f55318caaf3927568c5480202057f4c3b39b0a86cf41a6db167fdc77ab9fe39,development,3,0,4,59,60,42,67,1,2,152,212,0,0,150,0,0.8,1,0,3
8fb0b52de49f211acfa3020927c26a1e684640557296a758fc0072e7dac852a6,development,5,0,3,397,398,42,68,1,2,180,274,1,0,150,1,1.6,1,0,3
8fce5508f36278d370665df53df181a14de66990b95b69e77e69ef7487b21b0b,development,3,0,4,125,126,42,61,1,0,120,260,0,1,140,1,3.6,1,1,3
8feee4224ffbeb5f7b43b2b4fad9c3c5ae603265edf250f61081635299493c5f,development,1,1,3,283,284,42,41,0,1,130,204,0,0,172,0,1.4,2,0,2
91f1fe0c1afab92ecaff95c1f6f3213dae324ce38e46f2b944c8681a6a32e481,test,,0,3,292,293,42,58,1,0,128,259,0,0,130,1,3,1,2,3
92304ad7f291bd2213aa856c0ea3eeba5566f3bff231dc1e8df23cba6b6cef63,development,1,1,3,403,404,42,70,1,1,156,245,0,0,143,0,0,2,0,2
97c28d190215d11fe23f3d9daeb08b08876a6ba9a0b50b9f20e083c3dfdf063d,development,2,1,3,17,18,42,51,0,2,140,308,0,0,142,0,1.5,2,1,2
9abb8821e20fa4f3eb819f707d1cdf05418a742a223ba0e93ff8f9f76719ce6b,test,,1,3,534,535,42,53,0,0,138,234,0,0,160,0,0,2,0,2
9af78ef35e19aad8c614167387840ddc427d6ba06741bbc5ed79b11923844b40,development,2,0,3,123,124,42,60,1,0,145,282,0,0,142,1,2.8,1,2,3
9c97fd04daf2e276f6870c8a09bc4f169510ecfb6b4efe771802e002cccd35e2,development,3,1,4,281,282,42,45,0,1,130,234,0,0,175,0,0.6,1,0,2
9d1210a366042f16f58716a0b2aa2b5521cdf17b75a645c3a5f9a2a3f009892e,development,3,0,4,89,90,42,62,0,0,140,268,0,0,160,0,3.6,0,2,2
9df599a55e176e2bbd02f26573cddff6595c9e7dd473c30d09b2caba5734fd7e,development,4,0,3,426,427,42,51,0,0,130,305,0,1,142,1,1.2,1,0,3
9e38f577755af30ef9073f9811650f8b5e27d31fa538abb028c7257b5938854a,development,2,0,4,172,173,42,56,1,0,130,283,1,0,103,1,1.6,0,0,3
a2d6b1026a6c54283042a0c2e17042ed5fee4e3c557032ee77311dfdcd5d57c4,development,4,1,3,629,630,42,69,0,3,140,239,0,1,151,0,1.8,2,2,2
a413cb39d1decbc932843765c2542a4f438d41b0490d251063c04001303012b5,development,1,1,3,194,195,42,69,1,3,160,234,1,0,131,0,0.1,1,1,2
a53941766e6dcccf9c9394bc28d736edcd6812cbea84f16179abd03b796f5ec7,development,4,1,3,6,7,42,58,0,0,100,248,0,0,122,0,1,1,0,2
a5e27c472533ddd3b572d0bd17073ae93f813d0dd4c26c8be81d26c192386e62,test,,0,4,450,451,42,52,1,0,112,230,0,1,160,0,0,2,1,2
abc59bab2e53c24ac19432001219562623079a984cbfbcf5409f2fb4935fd9bd,test,,1,3,427,428,42,54,0,2,160,201,0,1,163,0,0,2,1,2
aca412568c2d3e84423ec48b4c259f0bf59e7f24c2b6a548305164a462fb8367,development,5,1,4,49,50,42,66,0,2,146,278,0,0,152,0,0,1,1,2
ad62d3796b9e5d6cb390232882aced91f4b2175affc6fca536ba075e9f928696,development,1,0,3,513,514,42,44,1,0,112,290,0,0,153,0,0,2,1,2
ad7183056d734299ca254ede7e184750bd0345f73c1dcd9fd0a638e853081569,test,,1,4,105,106,42,52,1,3,118,186,0,0,190,0,0,1,0,1
ae2d5071351d67263b313982031f450f66d77675bce081949c82bfa759d014be,development,5,1,3,542,543,42,44,1,2,140,235,0,0,180,0,0,2,0,2
ae8873c61d6232fd878a5a241d1017471f0aebad3c70e67f6a80dea02d16c8e8,development,2,0,3,349,350,42,43,1,0,132,247,1,0,143,1,0.1,1,4,3
b0a89e4436a57c29cab621c76e7efd3b37c13e43cea5fadd38336b1c5ebddbe4,development,3,1,3,322,323,42,48,0,2,130,275,0,1,139,0,0.2,2,0,2
b0ec63e8037dab55904515a603da26c078d8e189ca3edff62640790278ee3e01,development,2,1,3,617,618,42,43,1,0,115,303,0,1,181,0,1.2,1,0,2
b3468cc6871414e829c8ec8693fde72cae6ad1c8830fc103376427901047c434,development,5,1,3,211,212,42,42,1,2,120,240,1,1,194,0,0.8,0,0,3
b4298434e7d0bab5069a26d3f7655660f9d9e3eef72e0b5854dbdf30fb4a6b3f,test,,1,4,302,303,42,51,1,2,94,227,0,1,154,1,0,2,1,3
b56e85f3c7bed8b1bda063f6031ee521ee982cf9f767cb14c5091aaf64bffeab,development,2,1,3,653,654,42,66,0,3,150,226,0,1,114,0,2.6,0,0,2
b638ab645482db4e738d7d3eb39bd66b3f32590e2de9c2fe379d9e510078ac26,development,2,0,4,195,196,42,67,1,0,160,286,0,0,108,1,1.5,1,3,2
b78557ce10197718a152e202e49d54e4f3510e8b930749217564c5db89832954,development,5,1,3,333,334,42,37,1,2,130,250,0,1,187,0,3.5,0,0,2
b8e349b1ba6e3b96024138700a9f65e0b547880c5d961e044b3b1316973d8a13,development,2,0,3,385,386,42,35,1,0,126,282,0,0,156,1,0,2,0,3
b98d3240019a115ee2fccbec1fdf30c890f2e6d5bd029388daa513437e1b5434,development,5,0,3,213,214,42,50,1,0,150,243,0,0,128,0,2.6,1,0,3
b9be251a4fda0f81d816d42257c61aaced7bedf8dc314ba8934eb4c24378f9eb,development,3,1,3,64,65,42,59,1,2,150,212,1,1,157,0,1.6,2,0,2
b9f19fa8190e5b6f47648f3a9da3f9afc583fd73bdf9c7a0e204c9f9684d4169,development,5,1,4,282,283,42,35,1,1,122,192,0,1,174,0,0,2,0,2
ba76646a6cd8bac9a3915000fd01b2c6f72767317e7a127d3c76c2a3528e15cf,development,2,0,4,9,10,42,46,1,0,120,249,0,0,144,0,0.8,2,0,3
ba85fb6d106acb39ff22d1dbb67a3fb66ce2c770958f25f7b065812d2b77fa04,development,4,1,3,692,693,42,55,0,1,135,250,0,0,161,0,1.4,1,0,2
bacf5f3cb82469f6cb94d07511d9b74ff6031b0f53be437791bb968c96d2923f,development,5,1,3,499,500,42,54,1,0,140,239,0,1,160,0,1.2,2,0,2
bb1930e4e9330814ee1c7d0c8b40c5ba051325c8703d42c3a5655323dd35a68d,test,,0,4,75,76,42,48,1,0,130,256,1,0,150,1,0,2,2,3
bb7e29caa6d2cef421e3a09d03d81364f29d33dcdbcf549476c1d7c6d82ab962,development,1,0,3,161,162,42,77,1,0,125,304,0,0,162,1,0,2,3,2
bba988a9d26ced6565527b09086c7aade67ef16213a33a6278b2ef3625373529,development,4,1,3,77,78,42,48,1,2,124,255,1,1,175,0,0,2,2,2
bc01e9feb2ba2f4c340bc6785a4e3b676a96f1532ea05cc4a644d35d872b0762,development,2,1,3,305,306,42,52,0,2,136,196,0,0,169,0,0.1,1,0,2
bf48fb6cbf53057d3b546db601b53563f5b011ddcc2268b459f693500a06ab7a,development,3,1,4,162,163,42,51,1,2,100,222,0,1,143,1,1.2,1,0,2
bfcf790ee767993c70f3c276356be34beba834ec45b2f34e7497be74560a5f79,development,3,0,3,595,596,42,64,1,0,145,212,0,0,132,0,2,1,2,1
c221199c5bd9f20988d4207d50b2948464323577aa37d5dade5dd1450bf5904a,test,,0,4,153,154,42,58,1,0,125,300,0,0,171,0,0,2,2,3
c23cf2fb25dc504ed1e89facab54621d597f07f16441f48179db2de6f77cdb5d,test,,0,3,383,384,42,59,1,0,110,239,0,0,142,1,1.2,1,1,3
c250cae60f244a16c2021f894c8325ca55e383e549055689d646fa3830107b01,development,4,1,3,271,272,42,43,1,0,110,211,0,1,161,0,0,2,0,3
c55a7e160850b5600d39fdf91e2748ce9a6052c5453da5253e012c334394a10f,development,2,1,3,272,273,42,44,1,1,120,263,0,1,173,0,0,2,0,3
c6e2d067bd47a9ef04baca30f3b47d6f4fab6b04fdb6fba2f4e35f574be7676b,development,3,0,4,350,351,42,62,0,2,130,263,0,1,97,0,1.2,1,1,3
c81d1ba7569fbf0299d326ae4b6ce4b00fb82dcde7b7ad70ec772faf9904f555,development,3,0,4,15,16,42,52,1,0,128,204,1,1,156,1,1,1,0,0
c820e3844835f5be163a9676dde07d213f0f8b84ea65504f146ff83c1b42253b,test,,0,3,33,34,42,57,1,0,130,131,0,1,115,1,1.2,1,1,3
c9246dfbc22ee6805ce09f105ff30b46cace541927305f4be922f0b6212fccd6,test,,0,4,219,220,42,46,1,0,140,311,0,1,120,1,1.8,1,2,3
c9e7a1e3f5a720441980d54da64da6cc0704873f1611a6b7cf0be975f47747ec,development,4,1,4,61,62,42,29,1,1,130,204,0,0,202,0,0,2,0,2
c9e81c70995e4af02e24d4f22730abed6a955fc8aa4489391dcce8a780049d0c,development,4,0,3,233,234,42,60,1,0,125,258,0,0,141,1,2.8,1,1,3
ca34f7df41e00a22d82176837673a1b167f35018f31863a68d987fe94f6044f2,development,5,1,3,159,160,42,67,0,2,115,564,0,0,160,0,1.6,1,0,3
cacd13fa97e54082499001d9a2fe3123d5447ae19ec99d1b4ab914b5b40f3620,development,2,0,4,612,613,42,55,0,0,128,205,0,2,130,1,2,1,1,3
cc0fc219a020bff908f6e6eb7bbec747dd8a68c3d92461f4ccf417b985254a0d,development,3,1,3,150,151,42,39,1,2,140,321,0,0,182,0,0,2,0,2
cc5f448a32badd8210c0774fd170aa0efc4f7b9f1c5c4115cf660017252ec109,development,3,1,4,275,276,42,66,1,0,160,228,0,0,138,0,2.3,2,0,1
cc8c89cd0a972fdc064c79b43412c7ecf3dd893295d57cf6507359ba5fd03779,development,1,0,3,240,241,42,62,0,0,150,244,0,1,154,1,1.4,1,0,2
cd19400fa2750e50b694144f670a249f901cf8a1802bea61873fceb002e85ea3,test,,1,3,100,101,42,76,0,2,140,197,0,2,116,0,1.1,1,0,2
cd30b545269c64e3a3a5898d73ac2d127104626770f16dddc903ebcb82750600,development,2,1,3,321,322,42,53,0,0,130,264,0,0,143,0,0.4,1,0,2
cd365ce7907ad5d04fd47b4d8758d592e29b75c0baeecca5f1cc14bd0d7fc010,development,5,1,3,229,230,42,52,1,1,128,205,1,1,184,0,0,2,0,2
cd9c8c6bc18516e3a9ac3fb1d6afa604d44229e73613770a4784f65ebb57b974,development,4,0,4,117,118,42,63,1,0,130,254,0,0,147,0,1.4,1,1,3
ce64b99dd7879fab4a416b2b107278957d097722e511c122dcfacffba1d6aa7c,development,3,1,4,92,93,42,62,0,0,124,209,0,1,163,0,0,2,0,2
ce6c68d3a1dbbc1ae9570521fb65beccfea82c109ae978f1d8156ea50eeec3c9,development,3,1,3,13,14,42,34,0,1,118,210,0,1,192,0,0.7,2,0,2
cf0437b7443620131ffb1a124fa7407a4169173892a206fd3205c0d8cec68924,development,5,1,3,523,524,42,67,0,2,152,277,0,1,172,0,0,2,1,2
cf47d8d0b7538dc2494a4bd2ff50962532ffa8063831c87277198fc7856d1113,development,2,1,3,354,355,42,57,1,0,110,201,0,1,126,1,1.5,1,0,1
cfba642a12fc49a24c4a9576252fe8886575fba4b0aba975c99ed02b1c5bc28d,development,1,0,4,29,30,42,56,1,2,130,256,1,0,142,1,0.6,1,1,1
cfe578d824a64a935d1ca438f17244b3531cc3e0c08f4418890f5384d15894c6,test,,1,4,126,127,42,60,0,3,150,240,0,1,171,0,0.9,2,0,2
d098aebb2c0d3f32ac82709a67d0859e588206a644400232fa7ae99d21c8e0f8,test,,1,3,69,70,42,37,0,2,120,215,0,1,170,0,0,2,0,2
d2f6d8bfdc925926b52b4aae864f595549c5c2af935859f00fa441a2540b23a2,development,2,0,4,26,27,42,61,0,0,145,307,0,0,146,1,1,1,0,3
d30c09705f48c161d3a9e5efeb137dd919907efda71e91f7457a1177531458cf,development,1,0,4,7,8,42,58,1,0,114,318,0,2,140,0,4.4,0,3,1
d30faafdfabaf1b0603ee349f3994cc850fb9581abb48b270769113a399439cc,development,2,1,3,474,475,42,41,1,2,130,214,0,0,168,0,2,1,0,2
d481fbc86511c1e5be946e7fb2c03881f87086844973436833605ec0b5d44b41,test,,1,3,567,568,42,50,0,0,110,254,0,0,159,0,0,2,0,2
d599b2196258eba82068373f3df1938a4b520ed6c54955aaa1fa503794b24adc,development,5,1,3,95,96,42,62,1,1,128,208,1,0,140,0,0,2,0,2
d6ae8c98af272bca3058d34fc0e930cbf2dcc32b406602f6d5e2b0b54e0e6565,development,5,0,3,531,532,42,60,0,0,150,258,0,0,157,0,2.6,1,2,3
d7f0b6bf362030cda6a4091e5bb648974fc9b04dc0759e79e46442b79f7aec71,test,,1,3,364,365,42,53,1,2,130,246,1,0,173,0,0,2,3,2
d8d05858f6c6c77ee91db71d4bab1b1750aa0b43f5f9b002f0af6aa1da0fe5b8,test,,1,8,53,54,42,38,1,2,138,175,0,1,173,0,0,2,4,2
db9c4289c1a8f0cdc9e38570677bfb636d1cf32c7b2693d674520cfa5c1d40e3,test,,0,4,430,431,42,47,1,2,108,243,0,1,152,0,0,2,0,2
dbb17851c899b8708331cfae6bd526f5dd385f9cc94d0bf647c577302afad8ea,development,5,1,3,529,530,42,59,1,3,178,270,0,0,145,0,4.2,0,0,3
dc3c121a5dfc1821538ece060b91b4c94fe9371f0c30eb41c6d7e3fe52ffa100,development,1,0,4,381,382,42,58,1,0,146,218,0,1,105,0,2,1,1,3
dcf56b83ac2fcdb249809aacc65db1e72810bd0f85d48af38af88189180f5359,development,1,1,3,293,294,42,61,1,2,150,243,1,1,137,1,1,1,0,2
dd15218f1a013e70a109e1984ae7d2faa187d273dbf204ee073a11783531eb12,development,1,0,4,1,2,42,52,1,0,125,212,0,1,168,0,1,2,2,3
dd2800b0ea96c66364f3306ccd1a5ab6ea03c8388eca414925b643e74a6cb5ac,development,2,1,3,96,97,42,45,0,0,138,236,0,0,152,1,0.2,1,0,2
dd50184de273af2a3d578585f291921aac3536f436834c3d87755754b64079b0,test,,1,3,216,217,42,49,1,1,130,266,0,1,171,0,0.6,2,0,2
dd5c245125fe3099c5e793a7b54c034797b426e0102a57072052647de3c5dd48,development,1,0,4,155,156,42,63,1,0,130,330,1,0,132,1,1.8,2,3,3
dd675e4feb4e4f46d13a05b564231fac8a0c5d23fbffcb1d10ff7aea515bafc1,test,,0,4,721,722,42,64,1,2,140,335,0,1,158,0,0,2,0,2
ddc3f39e5ad7141f45bc45b7520750a55186d88a762f5abbbef5525f30da815c,test,,0,4,48,49,42,66,0,0,178,228,1,1,165,1,1,1,2,3
ddcd413a1afaff6d3ca9d53ec460165936f280c13bd8ec6a099d3f290abf9589,test,,1,3,168,169,42,57,0,0,120,354,0,1,163,1,0.6,2,0,2
df1d3b0f2248abab4fb12f8f9aa0bb8eb0474bc47842db922dee0baa5ec6bda1,development,4,0,4,74,75,42,59,1,0,140,177,0,1,162,1,0,2,1,3
e0fa80ca1211201d49a550dd03fc4c49a024306027a3766883b2e914c7c59b9f,test,,1,3,124,125,42,65,0,2,140,417,1,0,157,0,0.8,2,1,2
e116e341f7f5f6dab22df090e03a21a207341fd36dffd8ce4b5450b87d6ad22c,development,3,0,3,324,325,42,66,1,1,160,246,0,1,120,1,0,1,3,1
e18400d255a8fe19f6cf3fb3c63068458a4c1d567fed71427cc4c355472be3dd,development,1,1,3,23,24,42,45,1,0,104,208,0,0,148,1,3,1,0,2
e267aca2d9fad7b05b3e27e392eea6c3ac2fe229dfe6fba8125edb8ab70fa856,development,5,0,4,335,336,42,60,1,0,130,206,0,0,132,1,2.4,1,2,3
e26dbf6dab96e0bdac459c7140cb1a4bab5bd832038ab3789e75e2a3ee1ef187,development,1,1,3,174,175,42,39,0,2,94,199,0,1,179,0,0,2,0,2
e41f2e64a79954c9fd723382f0487dfbf40e9c368b0e03b7c346d068482865eb,development,1,1,3,320,321,42,53,0,2,128,216,0,0,115,0,0,2,0,0
e5c9900a36e1da52f16efd8fac68ba4cfecaa06c48f4a537af4ce62dc3acba63,development,4,1,3,19,20,42,50,0,1,120,244,0,1,162,0,1.1,2,0,2
e6a79fde0b768ebd318484a3a32160e6da306eb998fdbc5cb94c76b53b8d0497,development,3,0,4,114,115,42,57,1,0,110,335,0,1,143,1,3,1,1,3
e730d621d57973dddae599c97a7d6066b1465945227bfcd5e8eb81b50c9b32f8,development,2,0,4,78,79,42,63,1,0,140,187,0,0,144,1,4,2,2,3
e7e2449f4432e1c84b59cf7c038eccdaf3bc03994089a00dfd9cc30a019ab68f,development,4,1,3,25,26,42,42,0,2,120,209,0,1,173,0,0,1,0,2
e982aa16188dee201345fa9375c31bce273c55ce71f68abbe66ada568c7a9b63,development,5,0,3,556,557,42,67,1,0,125,254,1,1,163,0,0.2,1,2,3
ea57250f104de3238441dcd3a225f555a2513240855feb6fafd2b23c1fc39aba,development,5,1,3,581,582,42,46,1,1,101,197,1,1,156,0,0,2,0,3
ec4d12033a1fd07b320e7d4cd8d5b4ee80c604728b96360e714545dfc9024b5b,development,4,1,3,198,199,42,45,1,0,115,260,0,0,185,0,0,2,0,2
ec54dc21b3526091b69bb97c143065befaf49b0fff5b5b0edbe9926b1cdd49f3,test,,0,4,110,111,42,54,1,0,110,206,0,0,108,1,0,1,1,2
eccf1293fca65adfe383732981fadacced2c99c1eebaf28a15371204a6c92270,development,4,0,4,4,5,42,61,1,0,148,203,0,1,161,0,0,2,1,3
ed440e129a3168a8a972629a667392a39fae8a93d7e4538e896df0e0717b4496,test,,1,3,127,128,42,66,1,0,120,302,0,0,151,0,0.4,1,0,2
ee76e98271c98fdbfe03307181269b985dad709fc0b0f2364647f21b0ed372e5,development,5,0,3,14,15,42,51,1,0,140,298,0,1,122,1,4.2,1,3,3
f0914630bcb4501011c61f0fdca100f2ed1871b0dc37e8c1efe4ad782fc5ea18,development,5,1,3,37,38,42,51,1,3,125,213,0,0,125,1,1.4,2,1,2
f0ad337c1acc1781789c6091d8003ba7a56eff910eb6a35154877cc1b87e6e4e,development,3,1,3,199,200,42,60,0,2,102,318,0,1,160,0,0,2,1,2
f16247d803620af74eeb494a3c09ac3e6acfdd0bf5a4af592731805fbed20719,development,4,1,3,101,102,42,43,0,2,122,213,0,1,165,0,0.2,1,0,2
f4120adf75eab3565048aed3d1a7c55680beb59934877654a7db7c346038efb2,development,4,1,3,280,281,42,41,0,1,105,198,0,1,168,0,0,2,1,2
f4b13e3f04b63170894bf22d8fc9562675ee2f2cb9a0d1cb95ffa9ee0ca6cab1,development,5,1,3,289,290,42,58,0,2,120,340,0,1,172,0,0,2,0,2
f571f0cd4c431f4b48997a331dd42b1029a286f870eb5192eb628a62b4db0f30,development,2,0,4,183,184,42,60,1,0,140,293,0,0,170,0,1.2,1,2,3
f5955d065e1ad64e6dd7a066e46970faf4570609e889a82677c91847b43ccf51,development,5,1,3,144,145,42,34,1,3,118,182,0,0,174,0,0,2,0,2
f5fd06ea68a4406ae19dde6a0ac1d0acbdebbf6504848d53aeab419561219e0e,test,,0,3,340,341,42,60,1,0,130,253,0,1,144,1,1.4,2,1,3
f6d853fdc4a1ac5955be7d219c34a8f08a6dacd7e7fccc931028d92e8429651b,development,5,0,3,71,72,42,59,1,0,170,326,0,0,140,1,3.4,0,0,3
f86d6e1632a29799273da4683ce4e6e85b3a5dd7a07f2bf94a84a84caeb02e77,development,1,1,3,537,538,42,50,0,2,120,219,0,1,158,0,1.6,1,0,2
f8d7191c33cd66e4036928b32a526d0e7092e626e266655498b2fb7fa268b982,development,2,0,4,255,256,42,35,1,0,120,198,0,1,130,1,1.6,1,0,3
f8d73caef322ee691205b1cd0841423e1f53618a514645cb0634a72d8435aced,development,4,0,4,43,44,42,61,0,0,130,330,0,0,169,0,0,2,0,2
f99c9fde728ed0f8a12d0956907d6fef9f90c3e8772e33f88d418df81e50de3a,development,3,1,3,22,23,42,67,0,0,106,223,0,1,142,0,0.3,2,2,2
fb2158de6ed4e9a39d3bd3ad86365c118ca6951ca9356fce9ef06d503737df06,development,3,0,3,367,368,42,58,1,2,112,230,0,0,165,0,2.5,1,1,3
fd4f03a8e8f290d765c4275316ba719436b925169c2001d5c071a33cfd866652,development,3,1,3,428,429,42,57,1,2,150,168,0,1,174,0,1.6,2,0,2
fd7aa2b65fe93a64b53b9c837c3e6c7176d77035cc0eb236a0cf8fff931b588c,development,5,1,3,206,207,42,42,1,3,148,244,0,0,178,0,0.8,2,2,2
fd879715d2b755ead328e0e559498cfac30f4c585f11aa98b2f1759be0cb79fc,test,,0,4,359,360,42,59,1,3,134,204,0,1,162,0,0.8,2,2,2
fdfa6d0e96adb82e9938b26295ca093df27ec4f54560b528eade178354d6cbfc,development,1,1,4,45,46,42,55,0,1,132,342,0,1,166,0,1.2,2,0,2
fe294f19347477153461441681326d163ce2d6aeea6650f20536e917b90285e4,development,4,1,3,344,345,42,52,1,2,172,199,1,1,162,0,0.5,2,0,3
fedd5c70bb3c8a11fb43b60060935c094a31d5805eb1ed2fd15017ab9da91375,development,4,1,3,67,68,42,53,1,2,130,197,1,0,152,0,1.2,0,0,2
